﻿<?xml version="1.0" encoding="utf-8"?>
<?xml-stylesheet type="text/xsl" href="styles/fixture+layer+layers@html@default.xsl"?>
<?xml-stylesheet type="text/xsl" href="styles/fixture+layer+layers@csv.xsl" alternate="yes"?>
<MA xmlns:xsi="http://www.w3.org/2001/XMLSchema-instance" xmlns="http://schemas.malighting.de/grandma2/xml/MA" xsi:schemaLocation="http://schemas.malighting.de/grandma2/xml/MA http://schemas.malighting.de/grandma2/xml/3.9.61/MA.xsd" major_vers="3" minor_vers="9" stream_vers="61">
	<Info datetime="2025-12-20T14:25:53" showfile="887_quebec_141119" />
	<Layer index="1" name="Dimmer">
		<Fixture index="0" name="Degaule" channel_id="1">
			<FixtureType name="2 Dimmer 00">
				<No>2</No>
			</FixtureType>
			<SubFixture index="0" react_to_grandmaster="true" color="ffffff">
				<Patch>
					<Address>148</Address>
				</Patch>
				<AbsolutePosition>
					<Location x="0" y="0" z="0" />
					<Rotation x="0" y="-0" z="0" />
					<Scaling x="1" y="1" z="1" />
				</AbsolutePosition>
				<Channel index="0" />
			</SubFixture>
		</Fixture>
		<Fixture index="1" name="Noel" channel_id="2" point_of_view="190.064">
			<FixtureType name="2 Dimmer 00">
				<No>2</No>
			</FixtureType>
			<SubFixture index="0" react_to_grandmaster="true" color="ffffff">
				<Patch>
					<Address>149</Address>
				</Patch>
				<AbsolutePosition>
					<Location x="0" y="0" z="0" />
					<Rotation x="0" y="-0" z="0" />
					<Scaling x="1" y="1" z="1" />
				</AbsolutePosition>
				<Channel index="0" />
			</SubFixture>
		</Fixture>
		<Fixture index="2" name="FOH" channel_id="3">
			<FixtureType name="2 Dimmer 00">
				<No>2</No>
			</FixtureType>
			<SubFixture index="0" react_to_grandmaster="true" color="ffffff">
				<Patch>
					<Address>128</Address>
				</Patch>
				<AbsolutePosition>
					<Location x="0" y="0" z="0" />
					<Rotation x="0" y="-0" z="0" />
					<Scaling x="1" y="1" z="1" />
				</AbsolutePosition>
				<Channel index="0" />
			</SubFixture>
		</Fixture>
		<Fixture index="3" name="FOH" channel_id="4">
			<FixtureType name="2 Dimmer 00">
				<No>2</No>
			</FixtureType>
			<SubFixture index="0" react_to_grandmaster="true" color="ffffff">
				<Patch>
					<Address>132</Address>
				</Patch>
				<AbsolutePosition>
					<Location x="0" y="0" z="0" />
					<Rotation x="0" y="-0" z="0" />
					<Scaling x="1" y="1" z="1" />
				</AbsolutePosition>
				<Channel index="0" />
			</SubFixture>
		</Fixture>
		<Fixture index="4" name="FOH centre" channel_id="5">
			<FixtureType name="2 Dimmer 00">
				<No>2</No>
			</FixtureType>
			<SubFixture index="0" react_to_grandmaster="true" color="ffffff">
				<Patch>
					<Address>156</Address>
				</Patch>
				<AbsolutePosition>
					<Location x="0" y="0" z="0" />
					<Rotation x="0" y="-0" z="0" />
					<Scaling x="1" y="1" z="1" />
				</AbsolutePosition>
				<Channel index="0" />
			</SubFixture>
		</Fixture>
		<Fixture index="5" name="Fill Boite de Noel" channel_id="6">
			<FixtureType name="2 Dimmer 00">
				<No>2</No>
			</FixtureType>
			<SubFixture index="0" react_to_grandmaster="true" color="ffffff">
				<Patch>
					<Address>157</Address>
				</Patch>
				<AbsolutePosition>
					<Location x="0" y="0" z="0" />
					<Rotation x="0" y="-0" z="0" />
					<Scaling x="1" y="1" z="1" />
				</AbsolutePosition>
				<Channel index="0" />
			</SubFixture>
		</Fixture>
		<Fixture index="6" name="Interieur large ecran" channel_id="7">
			<FixtureType name="2 Dimmer 00">
				<No>2</No>
			</FixtureType>
			<SubFixture index="0" react_to_grandmaster="true" color="ffffff">
				<Patch>
					<Address>199</Address>
				</Patch>
				<AbsolutePosition>
					<Location x="0" y="0" z="0" />
					<Rotation x="0" y="-0" z="0" />
					<Scaling x="1" y="1" z="1" />
				</AbsolutePosition>
				<Channel index="0" />
			</SubFixture>
		</Fixture>
		<Fixture index="7" name="Interieur large garage" channel_id="8">
			<FixtureType name="2 Dimmer 00">
				<No>2</No>
			</FixtureType>
			<SubFixture index="0" react_to_grandmaster="true" color="ffffff">
				<Patch>
					<Address>198</Address>
				</Patch>
				<AbsolutePosition>
					<Location x="0" y="0" z="0" />
					<Rotation x="0" y="-0" z="0" />
					<Scaling x="1" y="1" z="1" />
				</AbsolutePosition>
				<Channel index="0" />
			</SubFixture>
		</Fixture>
		<Fixture index="8" name="PC Biblio 3.456" channel_id="9">
			<FixtureType name="2 Dimmer 00">
				<No>2</No>
			</FixtureType>
			<SubFixture index="0" react_to_grandmaster="true" color="ffffff">
				<Patch>
					<Address>1480</Address>
				</Patch>
				<AbsolutePosition>
					<Location x="0" y="0" z="0" />
					<Rotation x="0" y="-0" z="0" />
					<Scaling x="1" y="1" z="1" />
				</AbsolutePosition>
				<Channel index="0" />
			</SubFixture>
		</Fixture>
		<Fixture index="9" name="FRESNEL TOP" channel_id="10">
			<FixtureType name="2 Dimmer 00">
				<No>2</No>
			</FixtureType>
			<SubFixture index="0" react_to_grandmaster="true" color="ffffff">
				<Patch>
					<Address>224</Address>
				</Patch>
				<AbsolutePosition>
					<Location x="0" y="0" z="0" />
					<Rotation x="0" y="-0" z="0" />
					<Scaling x="1" y="1" z="1" />
				</AbsolutePosition>
				<Channel index="0" />
			</SubFixture>
		</Fixture>
		<Fixture index="10" name="FRESNEL TOP" channel_id="11">
			<FixtureType name="2 Dimmer 00">
				<No>2</No>
			</FixtureType>
			<SubFixture index="0" react_to_grandmaster="true" color="ffffff">
				<Patch>
					<Address>222</Address>
				</Patch>
				<AbsolutePosition>
					<Location x="0" y="0" z="0" />
					<Rotation x="0" y="-0" z="0" />
					<Scaling x="1" y="1" z="1" />
				</AbsolutePosition>
				<Channel index="0" />
			</SubFixture>
		</Fixture>
		<Fixture index="11" name="FRESNEL TOP" channel_id="12">
			<FixtureType name="2 Dimmer 00">
				<No>2</No>
			</FixtureType>
			<SubFixture index="0" react_to_grandmaster="true" color="ffffff">
				<Patch>
					<Address>221</Address>
				</Patch>
				<AbsolutePosition>
					<Location x="0" y="0" z="0" />
					<Rotation x="0" y="-0" z="0" />
					<Scaling x="1" y="1" z="1" />
				</AbsolutePosition>
				<Channel index="0" />
			</SubFixture>
		</Fixture>
		<Fixture index="12" name="FRESNEL TOP" channel_id="13">
			<FixtureType name="2 Dimmer 00">
				<No>2</No>
			</FixtureType>
			<SubFixture index="0" react_to_grandmaster="true" color="ffffff">
				<Patch>
					<Address>219</Address>
				</Patch>
				<AbsolutePosition>
					<Location x="0" y="0" z="0" />
					<Rotation x="0" y="-0" z="0" />
					<Scaling x="1" y="1" z="1" />
				</AbsolutePosition>
				<Channel index="0" />
			</SubFixture>
		</Fixture>
		<Fixture index="13" name="Fill side #26" channel_id="14">
			<FixtureType name="2 Dimmer 00">
				<No>2</No>
			</FixtureType>
			<SubFixture index="0" react_to_grandmaster="true" color="ffffff">
				<Patch>
					<Address>30</Address>
				</Patch>
				<AbsolutePosition>
					<Location x="0" y="0" z="0" />
					<Rotation x="0" y="-0" z="0" />
					<Scaling x="1" y="1" z="1" />
				</AbsolutePosition>
				<Channel index="0" />
			</SubFixture>
		</Fixture>
		<Fixture index="14" name="FILL MENU DINNER" channel_id="15">
			<FixtureType name="2 Dimmer 00">
				<No>2</No>
			</FixtureType>
			<SubFixture index="0" react_to_grandmaster="true" color="ffffff">
				<Patch>
					<Address>209</Address>
				</Patch>
				<AbsolutePosition>
					<Location x="0" y="0" z="0" />
					<Rotation x="0" y="-0" z="0" />
					<Scaling x="1" y="1" z="1" />
				</AbsolutePosition>
				<Channel index="0" />
			</SubFixture>
		</Fixture>
		<Fixture index="15" name="Side Ciel / enfer" channel_id="16">
			<FixtureType name="2 Dimmer 00">
				<No>2</No>
			</FixtureType>
			<SubFixture index="0" react_to_grandmaster="true" color="ffffff">
				<Patch>
					<Address>35</Address>
				</Patch>
				<AbsolutePosition>
					<Location x="0" y="0" z="0" />
					<Rotation x="0" y="-0" z="0" />
					<Scaling x="1" y="1" z="1" />
				</AbsolutePosition>
				<Channel index="0" />
			</SubFixture>
		</Fixture>
		<Fixture index="16" name="BACK 887 CHEZ ROBERT" channel_id="17">
			<FixtureType name="2 Dimmer 00">
				<No>2</No>
			</FixtureType>
			<SubFixture index="0" react_to_grandmaster="true" color="ffffff">
				<Patch>
					<Address>293</Address>
				</Patch>
				<AbsolutePosition>
					<Location x="0" y="0" z="0" />
					<Rotation x="0" y="-0" z="0" />
					<Scaling x="1" y="1" z="1" />
				</AbsolutePosition>
				<Channel index="0" />
			</SubFixture>
		</Fixture>
		<Fixture index="17" name="Menu Dinner" channel_id="18">
			<FixtureType name="2 Dimmer 00">
				<No>2</No>
			</FixtureType>
			<SubFixture index="0" react_to_grandmaster="true" color="ffffff">
				<Patch>
					<Address>195</Address>
				</Patch>
				<AbsolutePosition>
					<Location x="0" y="0" z="0" />
					<Rotation x="0" y="-0" z="0" />
					<Scaling x="1" y="1" z="1" />
				</AbsolutePosition>
				<Channel index="0" />
			</SubFixture>
		</Fixture>
		<Fixture index="18" name="SIDE BAS DO J" channel_id="19">
			<FixtureType name="2 Dimmer 00">
				<No>2</No>
			</FixtureType>
			<SubFixture index="0" react_to_grandmaster="true" color="ffffff">
				<Patch>
					<Address>201</Address>
				</Patch>
				<AbsolutePosition>
					<Location x="0" y="0" z="0" />
					<Rotation x="0" y="-0" z="0" />
					<Scaling x="1" y="1" z="1" />
				</AbsolutePosition>
				<Channel index="0" />
			</SubFixture>
		</Fixture>
		<Fixture index="19" name="SIDE HAUT DO J" channel_id="20">
			<FixtureType name="2 Dimmer 00">
				<No>2</No>
			</FixtureType>
			<SubFixture index="0" react_to_grandmaster="true" color="ffffff">
				<Patch>
					<Address>205</Address>
				</Patch>
				<AbsolutePosition>
					<Location x="0" y="0" z="0" />
					<Rotation x="0" y="-0" z="0" />
					<Scaling x="1" y="1" z="1" />
				</AbsolutePosition>
				<Channel index="0" />
			</SubFixture>
		</Fixture>
		<Fixture index="20" name="SIDE BAS UP J" channel_id="21">
			<FixtureType name="2 Dimmer 00">
				<No>2</No>
			</FixtureType>
			<SubFixture index="0" react_to_grandmaster="true" color="ffffff">
				<Patch>
					<Address>11</Address>
				</Patch>
				<AbsolutePosition>
					<Location x="0" y="0" z="0" />
					<Rotation x="0" y="-0" z="0" />
					<Scaling x="1" y="1" z="1" />
				</AbsolutePosition>
				<Channel index="0" />
			</SubFixture>
		</Fixture>
		<Fixture index="21" name="SIDE HAUT UP J" channel_id="22">
			<FixtureType name="2 Dimmer 00">
				<No>2</No>
			</FixtureType>
			<SubFixture index="0" react_to_grandmaster="true" color="ffffff">
				<Patch>
					<Address>13</Address>
				</Patch>
				<AbsolutePosition>
					<Location x="0" y="0" z="0" />
					<Rotation x="0" y="-0" z="0" />
					<Scaling x="1" y="1" z="1" />
				</AbsolutePosition>
				<Channel index="0" />
			</SubFixture>
		</Fixture>
		<Fixture index="22" name="SIDE BAS DO C" channel_id="23">
			<FixtureType name="2 Dimmer 00">
				<No>2</No>
			</FixtureType>
			<SubFixture index="0" react_to_grandmaster="true" color="ffffff">
				<Patch>
					<Address>34</Address>
				</Patch>
				<AbsolutePosition>
					<Location x="0" y="0" z="0" />
					<Rotation x="0" y="-0" z="0" />
					<Scaling x="1" y="1" z="1" />
				</AbsolutePosition>
				<Channel index="0" />
			</SubFixture>
		</Fixture>
		<Fixture index="23" name="SIDE HAUT DO C" channel_id="24">
			<FixtureType name="2 Dimmer 00">
				<No>2</No>
			</FixtureType>
			<SubFixture index="0" react_to_grandmaster="true" color="ffffff">
				<Patch>
					<Address>31</Address>
				</Patch>
				<AbsolutePosition>
					<Location x="0" y="0" z="0" />
					<Rotation x="0" y="-0" z="0" />
					<Scaling x="1" y="1" z="1" />
				</AbsolutePosition>
				<Channel index="0" />
			</SubFixture>
		</Fixture>
		<Fixture index="24" name="SIDE BAS UP C" channel_id="25">
			<FixtureType name="2 Dimmer 00">
				<No>2</No>
			</FixtureType>
			<SubFixture index="0" react_to_grandmaster="true" color="ffffff">
				<Patch>
					<Address>27</Address>
				</Patch>
				<AbsolutePosition>
					<Location x="0" y="0" z="0" />
					<Rotation x="0" y="-0" z="0" />
					<Scaling x="1" y="1" z="1" />
				</AbsolutePosition>
				<Channel index="0" />
			</SubFixture>
		</Fixture>
		<Fixture index="25" name="SIDE HAUT UP C" channel_id="26">
			<FixtureType name="2 Dimmer 00">
				<No>2</No>
			</FixtureType>
			<SubFixture index="0" react_to_grandmaster="true" color="ffffff">
				<Patch>
					<Address>28</Address>
				</Patch>
				<AbsolutePosition>
					<Location x="0" y="0" z="0" />
					<Rotation x="0" y="-0" z="0" />
					<Scaling x="1" y="1" z="1" />
				</AbsolutePosition>
				<Channel index="0" />
			</SubFixture>
		</Fixture>
		<Fixture index="26" name="TIP PARC DES BRAVES" channel_id="27">
			<FixtureType name="2 Dimmer 00">
				<No>2</No>
			</FixtureType>
			<SubFixture index="0" react_to_grandmaster="true" color="ffffff">
				<Patch>
					<Address>223</Address>
				</Patch>
				<AbsolutePosition>
					<Location x="0" y="0" z="0" />
					<Rotation x="0" y="-0" z="0" />
					<Scaling x="1" y="1" z="1" />
				</AbsolutePosition>
				<Channel index="0" />
			</SubFixture>
		</Fixture>
		<Fixture index="27" name="TOP PARC DES BRAVES" channel_id="28">
			<FixtureType name="2 Dimmer 00">
				<No>2</No>
			</FixtureType>
			<SubFixture index="0" react_to_grandmaster="true" color="ffffff">
				<Patch>
					<Address>235</Address>
				</Patch>
				<AbsolutePosition>
					<Location x="0" y="0" z="0" />
					<Rotation x="0" y="-0" z="0" />
					<Scaling x="1" y="1" z="1" />
				</AbsolutePosition>
				<Channel index="0" />
			</SubFixture>
		</Fixture>
		<Fixture index="28" name="Fill FLQ OW" channel_id="29">
			<FixtureType name="2 Dimmer 00">
				<No>2</No>
			</FixtureType>
			<SubFixture index="0" react_to_grandmaster="true" color="ffffff">
				<Patch>
					<Address>203</Address>
				</Patch>
				<AbsolutePosition>
					<Location x="0" y="0" z="0" />
					<Rotation x="0" y="-0" z="0" />
					<Scaling x="1" y="1" z="1" />
				</AbsolutePosition>
				<Channel index="0" />
			</SubFixture>
		</Fixture>
		<Fixture index="29" name="Hockey OW" channel_id="30">
			<FixtureType name="2 Dimmer 00">
				<No>2</No>
			</FixtureType>
			<SubFixture index="0" react_to_grandmaster="true" color="ffffff">
				<Patch>
					<Address>10</Address>
				</Patch>
				<AbsolutePosition>
					<Location x="0" y="0" z="0" />
					<Rotation x="0" y="-0" z="0" />
					<Scaling x="1" y="1" z="1" />
				</AbsolutePosition>
				<Channel index="0" />
			</SubFixture>
		</Fixture>
		<Fixture index="30" name="Top Parc Nuit" channel_id="31">
			<FixtureType name="2 Dimmer 00">
				<No>2</No>
			</FixtureType>
			<SubFixture index="0" react_to_grandmaster="true" color="ffffff">
				<Patch>
					<Address>220</Address>
				</Patch>
				<AbsolutePosition>
					<Location x="0" y="0" z="0" />
					<Rotation x="0" y="-0" z="0" />
					<Scaling x="1" y="1" z="1" />
				</AbsolutePosition>
				<Channel index="0" />
			</SubFixture>
		</Fixture>
		<Fixture index="31" name="Side Parc 1 L201" channel_id="32">
			<FixtureType name="2 Dimmer 00">
				<No>2</No>
			</FixtureType>
			<SubFixture index="0" react_to_grandmaster="true" color="ffffff">
				<Patch>
					<Address>29</Address>
				</Patch>
				<AbsolutePosition>
					<Location x="0" y="0" z="0" />
					<Rotation x="0" y="-0" z="0" />
					<Scaling x="1" y="1" z="1" />
				</AbsolutePosition>
				<Channel index="0" />
			</SubFixture>
		</Fixture>
		<Fixture index="32" name="Macro Jeu" channel_id="33">
			<FixtureType name="2 Dimmer 00">
				<No>2</No>
			</FixtureType>
			<SubFixture index="0" react_to_grandmaster="true" color="ffffff">
				<Patch>
					<Address>150</Address>
				</Patch>
				<AbsolutePosition>
					<Location x="0" y="0" z="0" />
					<Rotation x="0" y="-0" z="0" />
					<Scaling x="1" y="1" z="1" />
				</AbsolutePosition>
				<Channel index="0" />
			</SubFixture>
		</Fixture>
		<Fixture index="33" name="Fill chaise" channel_id="34">
			<FixtureType name="2 Dimmer 00">
				<No>2</No>
			</FixtureType>
			<SubFixture index="0" react_to_grandmaster="true" color="ffffff">
				<Patch>
					<Address>37</Address>
				</Patch>
				<AbsolutePosition>
					<Location x="0" y="0" z="0" />
					<Rotation x="0" y="-0" z="0" />
					<Scaling x="1" y="1" z="1" />
				</AbsolutePosition>
				<Channel index="0" />
			</SubFixture>
		</Fixture>
		<Fixture index="34" name="Speak white foh" channel_id="35">
			<FixtureType name="2 Dimmer 00">
				<No>2</No>
			</FixtureType>
			<SubFixture index="0" react_to_grandmaster="true" color="ffffff">
				<Patch>
					<Address>152</Address>
				</Patch>
				<AbsolutePosition>
					<Location x="0" y="0" z="0" />
					<Rotation x="0" y="-0" z="0" />
					<Scaling x="1" y="1" z="1" />
				</AbsolutePosition>
				<Channel index="0" />
			</SubFixture>
		</Fixture>
		<Fixture index="35" name="Chez Robert Rot Jardin" channel_id="36">
			<FixtureType name="2 Dimmer 00">
				<No>2</No>
			</FixtureType>
			<SubFixture index="0" react_to_grandmaster="true" color="ffffff">
				<Patch>
					<Address>250</Address>
				</Patch>
				<AbsolutePosition>
					<Location x="0" y="0" z="0" />
					<Rotation x="0" y="-0" z="0" />
					<Scaling x="1" y="1" z="1" />
				</AbsolutePosition>
				<Channel index="0" />
			</SubFixture>
		</Fixture>
		<Fixture index="36" name="Chez Robert Rot Cour" channel_id="37">
			<FixtureType name="2 Dimmer 00">
				<No>2</No>
			</FixtureType>
			<SubFixture index="0" react_to_grandmaster="true" color="ffffff">
				<Patch>
					<Address>254</Address>
				</Patch>
				<AbsolutePosition>
					<Location x="0" y="0" z="0" />
					<Rotation x="0" y="-0" z="0" />
					<Scaling x="1" y="1" z="1" />
				</AbsolutePosition>
				<Channel index="0" />
			</SubFixture>
		</Fixture>
		<Fixture index="37" name="Fill side #22" channel_id="38">
			<FixtureType name="2 Dimmer 00">
				<No>2</No>
			</FixtureType>
			<SubFixture index="0" react_to_grandmaster="true" color="ffffff">
				<Patch>
					<Address>12</Address>
				</Patch>
				<AbsolutePosition>
					<Location x="0" y="0" z="0" />
					<Rotation x="0" y="-0" z="0" />
					<Scaling x="1" y="1" z="1" />
				</AbsolutePosition>
				<Channel index="0" />
			</SubFixture>
		</Fixture>
		<Fixture index="38" name="Nul" channel_id="39">
			<FixtureType name="2 Dimmer 00">
				<No>2</No>
			</FixtureType>
			<SubFixture index="0" react_to_grandmaster="true" color="ffffff">
				<Patch>
					<Address>0</Address>
				</Patch>
				<AbsolutePosition>
					<Location x="0" y="0" z="0" />
					<Rotation x="0" y="-0" z="0" />
					<Scaling x="1" y="1" z="1" />
				</AbsolutePosition>
				<Channel index="0" />
			</SubFixture>
		</Fixture>
		<Fixture index="39" name="887 devant 079" channel_id="40">
			<FixtureType name="2 Dimmer 00">
				<No>2</No>
			</FixtureType>
			<SubFixture index="0" react_to_grandmaster="true" color="ffffff">
				<Patch>
					<Address>178</Address>
				</Patch>
				<AbsolutePosition>
					<Location x="0" y="0" z="0" />
					<Rotation x="0" y="-0" z="0" />
					<Scaling x="1" y="1" z="1" />
				</AbsolutePosition>
				<Channel index="0" />
			</SubFixture>
		</Fixture>
		<Fixture index="40" name="887 devant 079" channel_id="40" is_multipatch="true">
			<FixtureType name="2 Dimmer 00">
				<No>2</No>
			</FixtureType>
			<SubFixture index="0" react_to_grandmaster="true" color="ffffff" is_multipatch="true">
				<Patch>
					<Address>0</Address>
				</Patch>
				<AbsolutePosition>
					<Location x="0" y="0" z="0" />
					<Rotation x="0" y="-0" z="0" />
					<Scaling x="1" y="1" z="1" />
				</AbsolutePosition>
			</SubFixture>
		</Fixture>
		<Fixture index="41" name="887 Devant OW" channel_id="41">
			<FixtureType name="2 Dimmer 00">
				<No>2</No>
			</FixtureType>
			<SubFixture index="0" react_to_grandmaster="true" color="ffffff">
				<Patch>
					<Address>177</Address>
				</Patch>
				<AbsolutePosition>
					<Location x="0" y="0" z="0" />
					<Rotation x="0" y="-0" z="0" />
					<Scaling x="1" y="1" z="1" />
				</AbsolutePosition>
				<Channel index="0" />
			</SubFixture>
		</Fixture>
		<Fixture index="42" name="Nul" channel_id="42">
			<FixtureType name="2 Dimmer 00">
				<No>2</No>
			</FixtureType>
			<SubFixture index="0" react_to_grandmaster="true" color="ffffff">
				<Patch>
					<Address>0</Address>
				</Patch>
				<AbsolutePosition>
					<Location x="0" y="0" z="0" />
					<Rotation x="0" y="-0" z="0" />
					<Scaling x="1" y="1" z="1" />
				</AbsolutePosition>
				<Channel index="0" />
			</SubFixture>
		</Fixture>
		<Fixture index="43" name="Nul" channel_id="43">
			<FixtureType name="2 Dimmer 00">
				<No>2</No>
			</FixtureType>
			<SubFixture index="0" react_to_grandmaster="true" color="ffffff">
				<Patch>
					<Address>0</Address>
				</Patch>
				<AbsolutePosition>
					<Location x="0" y="0" z="0" />
					<Rotation x="0" y="-0" z="0" />
					<Scaling x="1" y="1" z="1" />
				</AbsolutePosition>
				<Channel index="0" />
			</SubFixture>
		</Fixture>
		<Fixture index="44" name="Nul" channel_id="44">
			<FixtureType name="2 Dimmer 00">
				<No>2</No>
			</FixtureType>
			<SubFixture index="0" react_to_grandmaster="true" color="ffffff">
				<Patch>
					<Address>0</Address>
				</Patch>
				<AbsolutePosition>
					<Location x="0" y="0" z="0" />
					<Rotation x="0" y="-0" z="0" />
					<Scaling x="1" y="1" z="1" />
				</AbsolutePosition>
				<Channel index="0" />
			</SubFixture>
		</Fixture>
		<Fixture index="45" name="Nul" channel_id="45">
			<FixtureType name="2 Dimmer 00">
				<No>2</No>
			</FixtureType>
			<SubFixture index="0" react_to_grandmaster="true" color="ffffff">
				<Patch>
					<Address>0</Address>
				</Patch>
				<AbsolutePosition>
					<Location x="0" y="0" z="0" />
					<Rotation x="0" y="-0" z="0" />
					<Scaling x="1" y="1" z="1" />
				</AbsolutePosition>
				<Channel index="0" />
			</SubFixture>
		</Fixture>
		<Fixture index="46" name="FLQ + Firework" channel_id="46">
			<FixtureType name="2 Dimmer 00">
				<No>2</No>
			</FixtureType>
			<SubFixture index="0" react_to_grandmaster="true" color="ffffff">
				<Patch>
					<Address>202</Address>
				</Patch>
				<AbsolutePosition>
					<Location x="0" y="0" z="0" />
					<Rotation x="0" y="-0" z="0" />
					<Scaling x="1" y="1" z="1" />
				</AbsolutePosition>
				<Channel index="0" />
			</SubFixture>
		</Fixture>
		<Fixture index="47" name="LEKO TAXI LA NUIT" channel_id="47">
			<FixtureType name="2 Dimmer 00">
				<No>2</No>
			</FixtureType>
			<SubFixture index="0" react_to_grandmaster="true" color="ffffff">
				<Patch>
					<Address>259</Address>
				</Patch>
				<AbsolutePosition>
					<Location x="0" y="0" z="0" />
					<Rotation x="0" y="-0" z="0" />
					<Scaling x="1" y="1" z="1" />
				</AbsolutePosition>
				<Channel index="0" />
			</SubFixture>
		</Fixture>
		<Fixture index="48" name="LEKO TAXI LA NUIT 079" channel_id="48">
			<FixtureType name="2 Dimmer 00">
				<No>2</No>
			</FixtureType>
			<SubFixture index="0" react_to_grandmaster="true" color="ffffff">
				<Patch>
					<Address>257</Address>
				</Patch>
				<AbsolutePosition>
					<Location x="0" y="0" z="0" />
					<Rotation x="0" y="-0" z="0" />
					<Scaling x="1" y="1" z="1" />
				</AbsolutePosition>
				<Channel index="0" />
			</SubFixture>
		</Fixture>
		<Fixture index="49" name="LEKO TAXI LA NUIT" channel_id="49">
			<FixtureType name="2 Dimmer 00">
				<No>2</No>
			</FixtureType>
			<SubFixture index="0" react_to_grandmaster="true" color="ffffff">
				<Patch>
					<Address>36</Address>
				</Patch>
				<AbsolutePosition>
					<Location x="0" y="0" z="0" />
					<Rotation x="0" y="-0" z="0" />
					<Scaling x="1" y="1" z="1" />
				</AbsolutePosition>
				<Channel index="0" />
			</SubFixture>
		</Fixture>
		<Fixture index="50" name="Side Cuisine J" channel_id="50">
			<FixtureType name="2 Dimmer 00">
				<No>2</No>
			</FixtureType>
			<SubFixture index="0" react_to_grandmaster="true" color="ffffff">
				<Patch>
					<Address>258</Address>
				</Patch>
				<AbsolutePosition>
					<Location x="0" y="0" z="0" />
					<Rotation x="0" y="-0" z="0" />
					<Scaling x="1" y="1" z="1" />
				</AbsolutePosition>
				<Channel index="0" />
			</SubFixture>
		</Fixture>
		<Fixture index="51" name="_" channel_id="51">
			<FixtureType name="2 Dimmer 00">
				<No>2</No>
			</FixtureType>
			<SubFixture index="0" react_to_grandmaster="true" color="ffffff">
				<Patch>
					<Address>0</Address>
				</Patch>
				<AbsolutePosition>
					<Location x="0" y="0" z="0" />
					<Rotation x="0" y="-0" z="0" />
					<Scaling x="1" y="1" z="1" />
				</AbsolutePosition>
				<Channel index="0" />
			</SubFixture>
		</Fixture>
		<Fixture index="52" name="Taxi la nuit 1 079" channel_id="52">
			<FixtureType name="2 Dimmer 00">
				<No>2</No>
			</FixtureType>
			<SubFixture index="0" react_to_grandmaster="true" color="ffffff">
				<Patch>
					<Address>9</Address>
				</Patch>
				<AbsolutePosition>
					<Location x="0" y="0" z="0" />
					<Rotation x="0" y="-0" z="0" />
					<Scaling x="1" y="1" z="1" />
				</AbsolutePosition>
				<Channel index="0" />
			</SubFixture>
		</Fixture>
		<Fixture index="53" name="Chutes des feuilles" channel_id="53">
			<FixtureType name="2 Dimmer 00">
				<No>2</No>
			</FixtureType>
			<SubFixture index="0" react_to_grandmaster="true" color="ffffff">
				<Patch>
					<Address>217</Address>
				</Patch>
				<AbsolutePosition>
					<Location x="0" y="0" z="0" />
					<Rotation x="0" y="-0" z="0" />
					<Scaling x="1" y="1" z="1" />
				</AbsolutePosition>
				<Channel index="0" />
			</SubFixture>
		</Fixture>
		<Fixture index="54" name="Chutes des feuilles" channel_id="53" is_multipatch="true">
			<FixtureType name="2 Dimmer 00">
				<No>2</No>
			</FixtureType>
			<SubFixture index="0" react_to_grandmaster="true" color="ffffff" is_multipatch="true">
				<Patch>
					<Address>218</Address>
				</Patch>
				<AbsolutePosition>
					<Location x="0" y="0" z="0" />
					<Rotation x="0" y="-0" z="0" />
					<Scaling x="1" y="1" z="1" />
				</AbsolutePosition>
			</SubFixture>
		</Fixture>
		<Fixture index="55" name="Taxi la nuit 201" channel_id="54">
			<FixtureType name="2 Dimmer 00">
				<No>2</No>
			</FixtureType>
			<SubFixture index="0" react_to_grandmaster="true" color="ffffff">
				<Patch>
					<Address>32</Address>
				</Patch>
				<AbsolutePosition>
					<Location x="0" y="0" z="0" />
					<Rotation x="0" y="-0" z="0" />
					<Scaling x="1" y="1" z="1" />
				</AbsolutePosition>
				<Channel index="0" />
			</SubFixture>
		</Fixture>
		<Fixture index="56" name="Taxi la nuit 201 farago" channel_id="55">
			<FixtureType name="2 Dimmer 00">
				<No>2</No>
			</FixtureType>
			<SubFixture index="0" react_to_grandmaster="true" color="ffffff">
				<Patch>
					<Address>33</Address>
				</Patch>
				<AbsolutePosition>
					<Location x="0" y="0" z="0" />
					<Rotation x="0" y="-0" z="0" />
					<Scaling x="1" y="1" z="1" />
				</AbsolutePosition>
				<Channel index="0" />
			</SubFixture>
		</Fixture>
		<Fixture index="57" name="Nul" channel_id="56">
			<FixtureType name="2 Dimmer 00">
				<No>2</No>
			</FixtureType>
			<SubFixture index="0" react_to_grandmaster="true" color="ffffff">
				<Patch>
					<Address>0</Address>
				</Patch>
				<AbsolutePosition>
					<Location x="0" y="0" z="0" />
					<Rotation x="0" y="-0" z="0" />
					<Scaling x="1" y="1" z="1" />
				</AbsolutePosition>
				<Channel index="0" />
			</SubFixture>
		</Fixture>
		<Fixture index="58" name="Front Camelot" channel_id="57">
			<FixtureType name="2 Dimmer 00">
				<No>2</No>
			</FixtureType>
			<SubFixture index="0" react_to_grandmaster="true" color="ffffff">
				<Patch>
					<Address>127</Address>
				</Patch>
				<AbsolutePosition>
					<Location x="0" y="0" z="0" />
					<Rotation x="0" y="-0" z="0" />
					<Scaling x="1" y="1" z="1" />
				</AbsolutePosition>
				<Channel index="0" />
			</SubFixture>
		</Fixture>
		<Fixture index="59" name="Nul" channel_id="58">
			<FixtureType name="2 Dimmer 00">
				<No>2</No>
			</FixtureType>
			<SubFixture index="0" react_to_grandmaster="true" color="ffffff">
				<Patch>
					<Address>0</Address>
				</Patch>
				<AbsolutePosition>
					<Location x="0" y="0" z="0" />
					<Rotation x="0" y="-0" z="0" />
					<Scaling x="1" y="1" z="1" />
				</AbsolutePosition>
				<Channel index="0" />
			</SubFixture>
		</Fixture>
		<Fixture index="60" name="Nul" channel_id="59">
			<FixtureType name="2 Dimmer 00">
				<No>2</No>
			</FixtureType>
			<SubFixture index="0" react_to_grandmaster="true" color="ffffff">
				<Patch>
					<Address>0</Address>
				</Patch>
				<AbsolutePosition>
					<Location x="0" y="0" z="0" />
					<Rotation x="0" y="-0" z="0" />
					<Scaling x="1" y="1" z="1" />
				</AbsolutePosition>
				<Channel index="0" />
			</SubFixture>
		</Fixture>
		<Fixture index="61" name="Taxi la nuit 2 201" channel_id="60">
			<FixtureType name="2 Dimmer 00">
				<No>2</No>
			</FixtureType>
			<SubFixture index="0" react_to_grandmaster="true" color="ffffff">
				<Patch>
					<Address>204</Address>
				</Patch>
				<AbsolutePosition>
					<Location x="0" y="0" z="0" />
					<Rotation x="0" y="-0" z="0" />
					<Scaling x="1" y="1" z="1" />
				</AbsolutePosition>
				<Channel index="0" />
			</SubFixture>
		</Fixture>
		<Fixture index="62" name="Taxi la nuit 2 201" channel_id="60" is_multipatch="true">
			<FixtureType name="2 Dimmer 00">
				<No>2</No>
			</FixtureType>
			<SubFixture index="0" react_to_grandmaster="true" color="ffffff" is_multipatch="true">
				<Patch>
					<Address>0</Address>
				</Patch>
				<AbsolutePosition>
					<Location x="0" y="0" z="0" />
					<Rotation x="0" y="-0" z="0" />
					<Scaling x="1" y="1" z="1" />
				</AbsolutePosition>
			</SubFixture>
		</Fixture>
		<Fixture index="63" name="Drapeau macro" channel_id="61">
			<FixtureType name="2 Dimmer 00">
				<No>2</No>
			</FixtureType>
			<SubFixture index="0" react_to_grandmaster="true" color="ffffff">
				<Patch>
					<Address>151</Address>
				</Patch>
				<AbsolutePosition>
					<Location x="0" y="0" z="0" />
					<Rotation x="0" y="-0" z="0" />
					<Scaling x="1" y="1" z="1" />
				</AbsolutePosition>
				<Channel index="0" />
			</SubFixture>
		</Fixture>
		<Fixture index="64" name="Dinner 219" channel_id="62">
			<FixtureType name="2 Dimmer 00">
				<No>2</No>
			</FixtureType>
			<SubFixture index="0" react_to_grandmaster="true" color="ffffff">
				<Patch>
					<Address>210</Address>
				</Patch>
				<AbsolutePosition>
					<Location x="0" y="0" z="0" />
					<Rotation x="0" y="-0" z="0" />
					<Scaling x="1" y="1" z="1" />
				</AbsolutePosition>
				<Channel index="0" />
			</SubFixture>
		</Fixture>
		<Fixture index="65" name="Backup 24h" channel_id="63">
			<FixtureType name="2 Dimmer 00">
				<No>2</No>
			</FixtureType>
			<SubFixture index="0" react_to_grandmaster="true" color="ffffff">
				<Patch>
					<Address>0</Address>
				</Patch>
				<AbsolutePosition>
					<Location x="0" y="0" z="0" />
					<Rotation x="0" y="-0" z="0" />
					<Scaling x="1" y="1" z="1" />
				</AbsolutePosition>
				<Channel index="0" />
			</SubFixture>
		</Fixture>
		<Fixture index="66" name="Main Robert" channel_id="64">
			<FixtureType name="2 Dimmer 00">
				<No>2</No>
			</FixtureType>
			<SubFixture index="0" react_to_grandmaster="true" color="ffffff">
				<Patch>
					<Address>64</Address>
				</Patch>
				<AbsolutePosition>
					<Location x="0" y="0" z="0" />
					<Rotation x="0" y="-0" z="0" />
					<Scaling x="1" y="1" z="1" />
				</AbsolutePosition>
				<Channel index="0" />
			</SubFixture>
		</Fixture>
		<Fixture index="67" name="Main Robert" channel_id="65">
			<FixtureType name="2 Dimmer 00">
				<No>2</No>
			</FixtureType>
			<SubFixture index="0" react_to_grandmaster="true" color="ffffff">
				<Patch>
					<Address>74</Address>
				</Patch>
				<AbsolutePosition>
					<Location x="0" y="0" z="0" />
					<Rotation x="0" y="-0" z="0" />
					<Scaling x="1" y="1" z="1" />
				</AbsolutePosition>
				<Channel index="0" />
			</SubFixture>
		</Fixture>
		<Fixture index="68" name="Main Robert" channel_id="66">
			<FixtureType name="2 Dimmer 00">
				<No>2</No>
			</FixtureType>
			<SubFixture index="0" react_to_grandmaster="true" color="ffffff">
				<Patch>
					<Address>0</Address>
				</Patch>
				<AbsolutePosition>
					<Location x="0" y="0" z="0" />
					<Rotation x="0" y="-0" z="0" />
					<Scaling x="1" y="1" z="1" />
				</AbsolutePosition>
				<Channel index="0" />
			</SubFixture>
		</Fixture>
		<Fixture index="69" name="Side Conservatoire Jardin" channel_id="67">
			<FixtureType name="2 Dimmer 00">
				<No>2</No>
			</FixtureType>
			<SubFixture index="0" react_to_grandmaster="true" color="ffffff">
				<Patch>
					<Address>18</Address>
				</Patch>
				<AbsolutePosition>
					<Location x="0" y="0" z="0" />
					<Rotation x="0" y="-0" z="0" />
					<Scaling x="1" y="1" z="1" />
				</AbsolutePosition>
				<Channel index="0" />
			</SubFixture>
		</Fixture>
		<Fixture index="70" name="Side Conservatoire Cour" channel_id="68">
			<FixtureType name="2 Dimmer 00">
				<No>2</No>
			</FixtureType>
			<SubFixture index="0" react_to_grandmaster="true" color="ffffff">
				<Patch>
					<Address>38</Address>
				</Patch>
				<AbsolutePosition>
					<Location x="0" y="0" z="0" />
					<Rotation x="0" y="-0" z="0" />
					<Scaling x="1" y="1" z="1" />
				</AbsolutePosition>
				<Channel index="0" />
			</SubFixture>
		</Fixture>
		<Fixture index="71" name="Nul" channel_id="69">
			<FixtureType name="2 Dimmer 00">
				<No>2</No>
			</FixtureType>
			<SubFixture index="0" react_to_grandmaster="true" color="ffffff">
				<Patch>
					<Address>0</Address>
				</Patch>
				<AbsolutePosition>
					<Location x="0" y="0" z="0" />
					<Rotation x="0" y="-0" z="0" />
					<Scaling x="1" y="1" z="1" />
				</AbsolutePosition>
				<Channel index="0" />
			</SubFixture>
		</Fixture>
		<Fixture index="72" name="chute des feuilles" channel_id="70">
			<FixtureType name="2 Dimmer 00">
				<No>2</No>
			</FixtureType>
			<SubFixture index="0" react_to_grandmaster="true" color="ffffff">
				<Patch>
					<Address>213</Address>
				</Patch>
				<AbsolutePosition>
					<Location x="0" y="0" z="0" />
					<Rotation x="0" y="-0" z="0" />
					<Scaling x="1" y="1" z="1" />
				</AbsolutePosition>
				<Channel index="0" />
			</SubFixture>
		</Fixture>
		<Fixture index="73" name="chute des feuilles" channel_id="70" is_multipatch="true">
			<FixtureType name="2 Dimmer 00">
				<No>2</No>
			</FixtureType>
			<SubFixture index="0" react_to_grandmaster="true" color="ffffff" is_multipatch="true">
				<Patch>
					<Address>214</Address>
				</Patch>
				<AbsolutePosition>
					<Location x="0" y="0" z="0" />
					<Rotation x="0" y="-0" z="0" />
					<Scaling x="1" y="1" z="1" />
				</AbsolutePosition>
			</SubFixture>
		</Fixture>
		<Fixture index="74" name="SOLEIL" channel_id="71">
			<FixtureType name="2 Dimmer 00">
				<No>2</No>
			</FixtureType>
			<SubFixture index="0" react_to_grandmaster="true" color="ffffff">
				<Patch>
					<Address>147</Address>
				</Patch>
				<AbsolutePosition>
					<Location x="0" y="0" z="0" />
					<Rotation x="0" y="-0" z="0" />
					<Scaling x="1" y="1" z="1" />
				</AbsolutePosition>
				<Channel index="0" />
			</SubFixture>
		</Fixture>
		<Fixture index="75" name="Side Cuisine C" channel_id="72">
			<FixtureType name="2 Dimmer 00">
				<No>2</No>
			</FixtureType>
			<SubFixture index="0" react_to_grandmaster="true" color="ffffff">
				<Patch>
					<Address>256</Address>
				</Patch>
				<AbsolutePosition>
					<Location x="0" y="0" z="0" />
					<Rotation x="0" y="-0" z="0" />
					<Scaling x="1" y="1" z="1" />
				</AbsolutePosition>
				<Channel index="0" />
			</SubFixture>
		</Fixture>
		<Fixture index="76" name="Side Cuisine C" channel_id="72" is_multipatch="true">
			<FixtureType name="2 Dimmer 00">
				<No>2</No>
			</FixtureType>
			<SubFixture index="0" react_to_grandmaster="true" color="ffffff" is_multipatch="true">
				<Patch>
					<Address>0</Address>
				</Patch>
				<AbsolutePosition>
					<Location x="0" y="0" z="0" />
					<Rotation x="0" y="-0" z="0" />
					<Scaling x="1" y="1" z="1" />
				</AbsolutePosition>
			</SubFixture>
		</Fixture>
		<Fixture index="77" name="Nul" channel_id="73">
			<FixtureType name="2 Dimmer 00">
				<No>2</No>
			</FixtureType>
			<SubFixture index="0" react_to_grandmaster="true" color="ffffff">
				<Patch>
					<Address>0</Address>
				</Patch>
				<AbsolutePosition>
					<Location x="0" y="0" z="0" />
					<Rotation x="0" y="-0" z="0" />
					<Scaling x="1" y="1" z="1" />
				</AbsolutePosition>
				<Channel index="0" />
			</SubFixture>
		</Fixture>
		<Fixture index="78" name="Nul" channel_id="74">
			<FixtureType name="2 Dimmer 00">
				<No>2</No>
			</FixtureType>
			<SubFixture index="0" react_to_grandmaster="true" color="ffffff">
				<Patch>
					<Address>0</Address>
				</Patch>
				<AbsolutePosition>
					<Location x="0" y="0" z="0" />
					<Rotation x="0" y="-0" z="0" />
					<Scaling x="1" y="1" z="1" />
				</AbsolutePosition>
				<Channel index="0" />
			</SubFixture>
		</Fixture>
		<Fixture index="79" name="BB LEKO" channel_id="75">
			<FixtureType name="2 Dimmer 00">
				<No>2</No>
			</FixtureType>
			<SubFixture index="0" react_to_grandmaster="true" color="ffffff">
				<Patch>
					<Address>1475</Address>
				</Patch>
				<AbsolutePosition>
					<Location x="0" y="0" z="0" />
					<Rotation x="0" y="-0" z="0" />
					<Scaling x="1" y="1" z="1" />
				</AbsolutePosition>
				<Channel index="0" />
			</SubFixture>
		</Fixture>
		<Fixture index="80" name="BB LEKO" channel_id="76">
			<FixtureType name="2 Dimmer 00">
				<No>2</No>
			</FixtureType>
			<SubFixture index="0" react_to_grandmaster="true" color="ffffff">
				<Patch>
					<Address>1476</Address>
				</Patch>
				<AbsolutePosition>
					<Location x="0" y="0" z="0" />
					<Rotation x="0" y="-0" z="0" />
					<Scaling x="1" y="1" z="1" />
				</AbsolutePosition>
				<Channel index="0" />
			</SubFixture>
		</Fixture>
		<Fixture index="81" name="Nul" channel_id="77">
			<FixtureType name="2 Dimmer 00">
				<No>2</No>
			</FixtureType>
			<SubFixture index="0" react_to_grandmaster="true" color="ffffff">
				<Patch>
					<Address>0</Address>
				</Patch>
				<AbsolutePosition>
					<Location x="0" y="0" z="0" />
					<Rotation x="0" y="-0" z="0" />
					<Scaling x="1" y="1" z="1" />
				</AbsolutePosition>
				<Channel index="0" />
			</SubFixture>
		</Fixture>
		<Fixture index="82" name="Nul" channel_id="78">
			<FixtureType name="2 Dimmer 00">
				<No>2</No>
			</FixtureType>
			<SubFixture index="0" react_to_grandmaster="true" color="ffffff">
				<Patch>
					<Address>0</Address>
				</Patch>
				<AbsolutePosition>
					<Location x="0" y="0" z="0" />
					<Rotation x="0" y="-0" z="0" />
					<Scaling x="1" y="1" z="1" />
				</AbsolutePosition>
				<Channel index="0" />
			</SubFixture>
		</Fixture>
		<Fixture index="83" name="BB leko lit" channel_id="79">
			<FixtureType name="2 Dimmer 00">
				<No>2</No>
			</FixtureType>
			<SubFixture index="0" react_to_grandmaster="true" color="ffffff">
				<Patch>
					<Address>1478</Address>
				</Patch>
				<AbsolutePosition>
					<Location x="0" y="0" z="0" />
					<Rotation x="0" y="-0" z="0" />
					<Scaling x="1" y="1" z="1" />
				</AbsolutePosition>
				<Channel index="0" />
			</SubFixture>
		</Fixture>
		<Fixture index="84" name="Nul" channel_id="80">
			<FixtureType name="2 Dimmer 00">
				<No>2</No>
			</FixtureType>
			<SubFixture index="0" react_to_grandmaster="true" color="ffffff">
				<Patch>
					<Address>0</Address>
				</Patch>
				<AbsolutePosition>
					<Location x="0" y="0" z="0" />
					<Rotation x="0" y="-0" z="0" />
					<Scaling x="1" y="1" z="1" />
				</AbsolutePosition>
				<Channel index="0" />
			</SubFixture>
		</Fixture>
		<Fixture index="85" name="Couloire Conservatoire" channel_id="81">
			<FixtureType name="2 Dimmer 00">
				<No>2</No>
			</FixtureType>
			<SubFixture index="0" react_to_grandmaster="true" color="ffffff">
				<Patch>
					<Address>14</Address>
				</Patch>
				<AbsolutePosition>
					<Location x="0" y="0" z="0" />
					<Rotation x="0" y="-0" z="0" />
					<Scaling x="1" y="1" z="1" />
				</AbsolutePosition>
				<Channel index="0" />
			</SubFixture>
		</Fixture>
		<Fixture index="86" name="Front conservatoire" channel_id="82">
			<FixtureType name="2 Dimmer 00">
				<No>2</No>
			</FixtureType>
			<SubFixture index="0" react_to_grandmaster="true" color="ffffff">
				<Patch>
					<Address>158</Address>
				</Patch>
				<AbsolutePosition>
					<Location x="0" y="0" z="0" />
					<Rotation x="0" y="-0" z="0" />
					<Scaling x="1" y="1" z="1" />
				</AbsolutePosition>
				<Channel index="0" />
			</SubFixture>
		</Fixture>
		<Fixture index="87" name="Tip Speak white" channel_id="83">
			<FixtureType name="2 Dimmer 00">
				<No>2</No>
			</FixtureType>
			<SubFixture index="0" react_to_grandmaster="true" color="ffffff">
				<Patch>
					<Address>73</Address>
				</Patch>
				<AbsolutePosition>
					<Location x="0" y="0" z="0" />
					<Rotation x="0" y="-0" z="0" />
					<Scaling x="1" y="1" z="1" />
				</AbsolutePosition>
				<Channel index="0" />
			</SubFixture>
		</Fixture>
		<Fixture index="88" name="Speak white APPARTE" channel_id="84">
			<FixtureType name="2 Dimmer 00">
				<No>2</No>
			</FixtureType>
			<SubFixture index="0" react_to_grandmaster="true" color="ffffff">
				<Patch>
					<Address>63</Address>
				</Patch>
				<AbsolutePosition>
					<Location x="0" y="0" z="0" />
					<Rotation x="0" y="-0" z="0" />
					<Scaling x="1" y="1" z="1" />
				</AbsolutePosition>
				<Channel index="0" />
			</SubFixture>
		</Fixture>
		<Fixture index="89" name="Top Speak White" channel_id="85">
			<FixtureType name="2 Dimmer 00">
				<No>2</No>
			</FixtureType>
			<SubFixture index="0" react_to_grandmaster="true" color="ffffff">
				<Patch>
					<Address>232</Address>
				</Patch>
				<AbsolutePosition>
					<Location x="0" y="0" z="0" />
					<Rotation x="0" y="-0" z="0" />
					<Scaling x="1" y="1" z="1" />
				</AbsolutePosition>
				<Channel index="0" />
			</SubFixture>
		</Fixture>
		<Fixture index="90" name="Camelot Tip Cour" channel_id="86">
			<FixtureType name="2 Dimmer 00">
				<No>2</No>
			</FixtureType>
			<SubFixture index="0" react_to_grandmaster="true" color="ffffff">
				<Patch>
					<Address>208</Address>
				</Patch>
				<AbsolutePosition>
					<Location x="0" y="0" z="0" />
					<Rotation x="0" y="-0" z="0" />
					<Scaling x="1" y="1" z="1" />
				</AbsolutePosition>
				<Channel index="0" />
			</SubFixture>
		</Fixture>
		<Fixture index="91" name="Side Camelot" channel_id="87">
			<FixtureType name="2 Dimmer 00">
				<No>2</No>
			</FixtureType>
			<SubFixture index="0" react_to_grandmaster="true" color="ffffff">
				<Patch>
					<Address>255</Address>
				</Patch>
				<AbsolutePosition>
					<Location x="0" y="0" z="0" />
					<Rotation x="0" y="-0" z="0" />
					<Scaling x="1" y="1" z="1" />
				</AbsolutePosition>
				<Channel index="0" />
			</SubFixture>
		</Fixture>
		<Fixture index="92" name="Camelot" channel_id="88">
			<FixtureType name="2 Dimmer 00">
				<No>2</No>
			</FixtureType>
			<SubFixture index="0" react_to_grandmaster="true" color="ffffff">
				<Patch>
					<Address>206</Address>
				</Patch>
				<AbsolutePosition>
					<Location x="0" y="0" z="0" />
					<Rotation x="0" y="-0" z="0" />
					<Scaling x="1" y="1" z="1" />
				</AbsolutePosition>
				<Channel index="0" />
			</SubFixture>
		</Fixture>
		<Fixture index="93" name="Camelot" channel_id="89">
			<FixtureType name="2 Dimmer 00">
				<No>2</No>
			</FixtureType>
			<SubFixture index="0" react_to_grandmaster="true" color="ffffff">
				<Patch>
					<Address>15</Address>
				</Patch>
				<AbsolutePosition>
					<Location x="0" y="0" z="0" />
					<Rotation x="0" y="-0" z="0" />
					<Scaling x="1" y="1" z="1" />
				</AbsolutePosition>
				<Channel index="0" />
			</SubFixture>
		</Fixture>
		<Fixture index="94" name="Foh Ecran" channel_id="90">
			<FixtureType name="2 Dimmer 00">
				<No>2</No>
			</FixtureType>
			<SubFixture index="0" react_to_grandmaster="true" color="ffffff">
				<Patch>
					<Address>176</Address>
				</Patch>
				<AbsolutePosition>
					<Location x="0" y="0" z="0" />
					<Rotation x="0" y="-0" z="0" />
					<Scaling x="1" y="1" z="1" />
				</AbsolutePosition>
				<Channel index="0" />
			</SubFixture>
		</Fixture>
		<Fixture index="95" name="Lampe Torchere 3.455" channel_id="91">
			<FixtureType name="2 Dimmer 00">
				<No>2</No>
			</FixtureType>
			<SubFixture index="0" react_to_grandmaster="true" color="ffffff">
				<Patch>
					<Address>1479</Address>
				</Patch>
				<AbsolutePosition>
					<Location x="0" y="0" z="0" />
					<Rotation x="0" y="-0" z="0" />
					<Scaling x="1" y="1" z="1" />
				</AbsolutePosition>
				<Channel index="0" />
			</SubFixture>
		</Fixture>
		<Fixture index="96" name="Dimmer plancher coin 1" channel_id="92">
			<FixtureType name="2 Dimmer 00">
				<No>2</No>
			</FixtureType>
			<SubFixture index="0" react_to_grandmaster="true" color="ffffff">
				<Patch>
					<Address>1458</Address>
				</Patch>
				<AbsolutePosition>
					<Location x="0" y="0" z="0" />
					<Rotation x="0" y="-0" z="0" />
					<Scaling x="1" y="1" z="1" />
				</AbsolutePosition>
				<Channel index="0" />
			</SubFixture>
		</Fixture>
		<Fixture index="97" name="Dimmer plancher coin 2" channel_id="93">
			<FixtureType name="2 Dimmer 00">
				<No>2</No>
			</FixtureType>
			<SubFixture index="0" react_to_grandmaster="true" color="ffffff">
				<Patch>
					<Address>1459</Address>
				</Patch>
				<AbsolutePosition>
					<Location x="0" y="0" z="0" />
					<Rotation x="0" y="-0" z="0" />
					<Scaling x="1" y="1" z="1" />
				</AbsolutePosition>
				<Channel index="0" />
			</SubFixture>
		</Fixture>
		<Fixture index="98" name="Dimmer plancher coin 3" channel_id="94">
			<FixtureType name="2 Dimmer 00">
				<No>2</No>
			</FixtureType>
			<SubFixture index="0" react_to_grandmaster="true" color="ffffff">
				<Patch>
					<Address>1460</Address>
				</Patch>
				<AbsolutePosition>
					<Location x="0" y="0" z="0" />
					<Rotation x="0" y="-0" z="0" />
					<Scaling x="1" y="1" z="1" />
				</AbsolutePosition>
				<Channel index="0" />
			</SubFixture>
		</Fixture>
		<Fixture index="99" name="Dimmer plancher coin 4" channel_id="95">
			<FixtureType name="2 Dimmer 00">
				<No>2</No>
			</FixtureType>
			<SubFixture index="0" react_to_grandmaster="true" color="ffffff">
				<Patch>
					<Address>1461</Address>
				</Patch>
				<AbsolutePosition>
					<Location x="0" y="0" z="0" />
					<Rotation x="0" y="-0" z="0" />
					<Scaling x="1" y="1" z="1" />
				</AbsolutePosition>
				<Channel index="0" />
			</SubFixture>
		</Fixture>
		<Fixture index="100" name="Side bibliotheque" channel_id="96">
			<FixtureType name="2 Dimmer 00">
				<No>2</No>
			</FixtureType>
			<SubFixture index="0" react_to_grandmaster="true" color="ffffff">
				<Patch>
					<Address>7</Address>
				</Patch>
				<AbsolutePosition>
					<Location x="0" y="0" z="0" />
					<Rotation x="0" y="-0" z="0" />
					<Scaling x="1" y="1" z="1" />
				</AbsolutePosition>
				<Channel index="0" />
			</SubFixture>
		</Fixture>
		<Fixture index="101" name="Quartz hockey side" channel_id="97">
			<FixtureType name="2 Dimmer 00">
				<No>2</No>
			</FixtureType>
			<SubFixture index="0" react_to_grandmaster="true" color="ffffff">
				<Patch>
					<Address>260</Address>
				</Patch>
				<AbsolutePosition>
					<Location x="0" y="0" z="0" />
					<Rotation x="0" y="-0" z="0" />
					<Scaling x="1" y="1" z="1" />
				</AbsolutePosition>
				<Channel index="0" />
			</SubFixture>
		</Fixture>
		<Fixture index="102" name="TV Hockey Side 079" channel_id="98">
			<FixtureType name="2 Dimmer 00">
				<No>2</No>
			</FixtureType>
			<SubFixture index="0" react_to_grandmaster="true" color="ffffff">
				<Patch>
					<Address>8</Address>
				</Patch>
				<AbsolutePosition>
					<Location x="0" y="0" z="0" />
					<Rotation x="0" y="-0" z="0" />
					<Scaling x="1" y="1" z="1" />
				</AbsolutePosition>
				<Channel index="0" />
			</SubFixture>
		</Fixture>
		<Fixture index="103" name="Camelot camouflage" channel_id="99">
			<FixtureType name="2 Dimmer 00">
				<No>2</No>
			</FixtureType>
			<SubFixture index="0" react_to_grandmaster="true" color="ffffff">
				<Patch>
					<Address>207</Address>
				</Patch>
				<AbsolutePosition>
					<Location x="0" y="0" z="0" />
					<Rotation x="0" y="-0" z="0" />
					<Scaling x="1" y="1" z="1" />
				</AbsolutePosition>
				<Channel index="0" />
			</SubFixture>
		</Fixture>
		<Fixture index="104" name="nul" channel_id="125">
			<FixtureType name="2 Dimmer 00">
				<No>2</No>
			</FixtureType>
			<SubFixture index="0" react_to_grandmaster="true" color="ffffff">
				<Patch>
					<Address>0</Address>
				</Patch>
				<AbsolutePosition>
					<Location x="0" y="0" z="0" />
					<Rotation x="0" y="-0" z="0" />
					<Scaling x="1" y="1" z="1" />
				</AbsolutePosition>
				<Channel index="0" />
			</SubFixture>
		</Fixture>
		<Fixture index="105" name="nul" channel_id="101">
			<FixtureType name="2 Dimmer 00">
				<No>2</No>
			</FixtureType>
			<SubFixture index="0" react_to_grandmaster="true" color="ffffff">
				<Patch>
					<Address>0</Address>
				</Patch>
				<AbsolutePosition>
					<Location x="0" y="0" z="0" />
					<Rotation x="0" y="-0" z="0" />
					<Scaling x="1" y="1" z="1" />
				</AbsolutePosition>
				<Channel index="0" />
			</SubFixture>
		</Fixture>
		<Fixture index="106" name="nul" channel_id="102">
			<FixtureType name="2 Dimmer 00">
				<No>2</No>
			</FixtureType>
			<SubFixture index="0" react_to_grandmaster="true" color="ffffff">
				<Patch>
					<Address>0</Address>
				</Patch>
				<AbsolutePosition>
					<Location x="0" y="0" z="0" />
					<Rotation x="0" y="-0" z="0" />
					<Scaling x="1" y="1" z="1" />
				</AbsolutePosition>
				<Channel index="0" />
			</SubFixture>
		</Fixture>
		<Fixture index="107" name="nul" channel_id="103">
			<FixtureType name="2 Dimmer 00">
				<No>2</No>
			</FixtureType>
			<SubFixture index="0" react_to_grandmaster="true" color="ffffff">
				<Patch>
					<Address>0</Address>
				</Patch>
				<AbsolutePosition>
					<Location x="0" y="0" z="0" />
					<Rotation x="0" y="-0" z="0" />
					<Scaling x="1" y="1" z="1" />
				</AbsolutePosition>
				<Channel index="0" />
			</SubFixture>
		</Fixture>
		<Fixture index="108" name="nul" channel_id="104">
			<FixtureType name="2 Dimmer 00">
				<No>2</No>
			</FixtureType>
			<SubFixture index="0" react_to_grandmaster="true" color="ffffff">
				<Patch>
					<Address>0</Address>
				</Patch>
				<AbsolutePosition>
					<Location x="0" y="0" z="0" />
					<Rotation x="0" y="-0" z="0" />
					<Scaling x="1" y="1" z="1" />
				</AbsolutePosition>
				<Channel index="0" />
			</SubFixture>
		</Fixture>
		<Fixture index="109" name="SPX ajout apparte" fixture_id="110" channel_id="110">
			<FixtureType name="2 Dimmer 00">
				<No>2</No>
			</FixtureType>
			<SubFixture index="0" react_to_grandmaster="true" color="ffffff">
				<Patch>
					<Address>0</Address>
				</Patch>
				<AbsolutePosition>
					<Location x="0" y="0" z="0" />
					<Rotation x="0" y="-0" z="0" />
					<Scaling x="1" y="1" z="1" />
				</AbsolutePosition>
				<Channel index="0" />
			</SubFixture>
		</Fixture>
		<Fixture index="110" name="SPX ajout apparte" fixture_id="110" channel_id="110" is_multipatch="true">
			<FixtureType name="2 Dimmer 00">
				<No>2</No>
			</FixtureType>
			<SubFixture index="0" react_to_grandmaster="true" color="ffffff" is_multipatch="true">
				<Patch>
					<Address>0</Address>
				</Patch>
				<AbsolutePosition>
					<Location x="0" y="0" z="0" />
					<Rotation x="0" y="-0" z="0" />
					<Scaling x="1" y="1" z="1" />
				</AbsolutePosition>
			</SubFixture>
		</Fixture>
		<Fixture index="111" name="SPX ajout apparte" fixture_id="111" channel_id="111">
			<FixtureType name="2 Dimmer 00">
				<No>2</No>
			</FixtureType>
			<SubFixture index="0" react_to_grandmaster="true" color="ffffff">
				<Patch>
					<Address>0</Address>
				</Patch>
				<AbsolutePosition>
					<Location x="0" y="0" z="0" />
					<Rotation x="0" y="-0" z="0" />
					<Scaling x="1" y="1" z="1" />
				</AbsolutePosition>
				<Channel index="0" />
			</SubFixture>
		</Fixture>
		<Fixture index="112" name="SPX ajout apparte" fixture_id="111" channel_id="111" is_multipatch="true">
			<FixtureType name="2 Dimmer 00">
				<No>2</No>
			</FixtureType>
			<SubFixture index="0" react_to_grandmaster="true" color="ffffff" is_multipatch="true">
				<Patch>
					<Address>0</Address>
				</Patch>
				<AbsolutePosition>
					<Location x="0" y="0" z="0" />
					<Rotation x="0" y="-0" z="0" />
					<Scaling x="1" y="1" z="1" />
				</AbsolutePosition>
			</SubFixture>
		</Fixture>
		<Fixture index="113" name="SPX ajout apparte" fixture_id="112" channel_id="112">
			<FixtureType name="2 Dimmer 00">
				<No>2</No>
			</FixtureType>
			<SubFixture index="0" react_to_grandmaster="true" color="ffffff">
				<Patch>
					<Address>0</Address>
				</Patch>
				<AbsolutePosition>
					<Location x="0" y="0" z="0" />
					<Rotation x="0" y="-0" z="0" />
					<Scaling x="1" y="1" z="1" />
				</AbsolutePosition>
				<Channel index="0" />
			</SubFixture>
		</Fixture>
		<Fixture index="114" name="SPX ajout apparte" fixture_id="112" channel_id="112" is_multipatch="true">
			<FixtureType name="2 Dimmer 00">
				<No>2</No>
			</FixtureType>
			<SubFixture index="0" react_to_grandmaster="true" color="ffffff" is_multipatch="true">
				<Patch>
					<Address>0</Address>
				</Patch>
				<AbsolutePosition>
					<Location x="0" y="0" z="0" />
					<Rotation x="0" y="-0" z="0" />
					<Scaling x="1" y="1" z="1" />
				</AbsolutePosition>
			</SubFixture>
		</Fixture>
		<Fixture index="115" name="nul" fixture_id="121" channel_id="121">
			<FixtureType name="2 Dimmer 00">
				<No>2</No>
			</FixtureType>
			<SubFixture index="0" react_to_grandmaster="true" color="ffffff">
				<Patch>
					<Address>0</Address>
				</Patch>
				<AbsolutePosition>
					<Location x="0" y="0" z="0" />
					<Rotation x="0" y="-0" z="0" />
					<Scaling x="1" y="1" z="1" />
				</AbsolutePosition>
				<Channel index="0" />
			</SubFixture>
		</Fixture>
		<Fixture index="116" name="nul" fixture_id="122" channel_id="122">
			<FixtureType name="2 Dimmer 00">
				<No>2</No>
			</FixtureType>
			<SubFixture index="0" react_to_grandmaster="true" color="ffffff">
				<Patch>
					<Address>0</Address>
				</Patch>
				<AbsolutePosition>
					<Location x="0" y="0" z="0" />
					<Rotation x="0" y="-0" z="0" />
					<Scaling x="1" y="1" z="1" />
				</AbsolutePosition>
				<Channel index="0" />
			</SubFixture>
		</Fixture>
		<Fixture index="117" name="nul" fixture_id="250" channel_id="250">
			<FixtureType name="2 Dimmer 00">
				<No>2</No>
			</FixtureType>
			<SubFixture index="0" react_to_grandmaster="true" color="ffffff">
				<Patch>
					<Address>0</Address>
				</Patch>
				<AbsolutePosition>
					<Location x="0" y="0" z="0" />
					<Rotation x="0" y="-0" z="0" />
					<Scaling x="1" y="1" z="1" />
				</AbsolutePosition>
				<Channel index="0" />
			</SubFixture>
		</Fixture>
		<Fixture index="118" name="nul" fixture_id="251" channel_id="251">
			<FixtureType name="2 Dimmer 00">
				<No>2</No>
			</FixtureType>
			<SubFixture index="0" react_to_grandmaster="true" color="ffffff">
				<Patch>
					<Address>0</Address>
				</Patch>
				<AbsolutePosition>
					<Location x="0" y="0" z="0" />
					<Rotation x="0" y="-0" z="0" />
					<Scaling x="1" y="1" z="1" />
				</AbsolutePosition>
				<Channel index="0" />
			</SubFixture>
		</Fixture>
		<Fixture index="119" name="nouveau spx cuisine" fixture_id="150" channel_id="150">
			<FixtureType name="2 Dimmer 00">
				<No>2</No>
			</FixtureType>
			<SubFixture index="0" react_to_grandmaster="true" color="ffffff">
				<Patch>
					<Address>0</Address>
				</Patch>
				<AbsolutePosition>
					<Location x="0" y="0" z="0" />
					<Rotation x="0" y="-0" z="0" />
					<Scaling x="1" y="1" z="1" />
				</AbsolutePosition>
				<Channel index="0" />
			</SubFixture>
		</Fixture>
	</Layer>
</MA>