﻿<?xml version="1.0" encoding="UTF-8"?>
<GMA3 DataVersion="2.3.2.0">
    <Fixture Guid="0D 49 20 00 03 93 20 7A 86 A9 D9 39 8D B0 D6 13" OldSubfixtureIndex="137" OffsetPan="None" OffsetTilt="None" Name="LED Backwall 100" Mode="9.DMXModes.Default" FID="300" Patch="4.298" Layer="&apos;Matrix&apos;" Class="&apos;LED Tiles&apos;" PosX="1.800" PosY="2.900" PosZ="1.200" RotX="  90.00" GelColor="1.0000000000,1.0000000000,1.0000000000,1.0000000000" GridInvX="" GridInvY="" GridInvZ=""/>
    <Fixture Guid="0D 49 20 00 41 2B B2 0B 3B 30 C0 3E 8D B0 D6 13" OldSubfixtureIndex="136" OffsetPan="None" OffsetTilt="None" Name="LED Backwall 99" Mode="9.DMXModes.Default" FID="299" Patch="4.295" Layer="&apos;Matrix&apos;" Class="&apos;LED Tiles&apos;" PosX="1.400" PosY="2.900" PosZ="1.200" RotX="  90.00" GelColor="1.0000000000,1.0000000000,1.0000000000,1.0000000000" GridInvX="" GridInvY="" GridInvZ=""/>
    <Fixture Guid="0D 49 20 00 6F 39 AF 22 F0 BE A8 43 8D B0 D6 13" OldSubfixtureIndex="135" OffsetPan="None" OffsetTilt="None" Name="LED Backwall 98" Mode="9.DMXModes.Default" FID="298" Patch="4.292" Layer="&apos;Matrix&apos;" Class="&apos;LED Tiles&apos;" PosX="1.000" PosY="2.900" PosZ="1.200" RotX="  90.00" GelColor="1.0000000000,1.0000000000,1.0000000000,1.0000000000" GridInvX="" GridInvY="" GridInvZ=""/>
    <Fixture Guid="0D 49 20 00 A5 6B 49 65 A5 45 93 48 8D B0 D6 13" OldSubfixtureIndex="134" OffsetPan="None" OffsetTilt="None" Name="LED Backwall 97" Mode="9.DMXModes.Default" FID="297" Patch="4.289" Layer="&apos;Matrix&apos;" Class="&apos;LED Tiles&apos;" PosX="0.600" PosY="2.900" PosZ="1.200" RotX="  90.00" GelColor="1.0000000000,1.0000000000,1.0000000000,1.0000000000" GridInvX="" GridInvY="" GridInvZ=""/>
    <Fixture Guid="0D 49 20 00 72 78 19 15 5A CC 7B 4D 8D B0 D6 13" OldSubfixtureIndex="133" OffsetPan="None" OffsetTilt="None" Name="LED Backwall 96" Mode="9.DMXModes.Default" FID="296" Patch="4.286" Layer="&apos;Matrix&apos;" Class="&apos;LED Tiles&apos;" PosX="0.200" PosY="2.900" PosZ="1.200" RotX="  90.00" GelColor="1.0000000000,1.0000000000,1.0000000000,1.0000000000" GridInvX="" GridInvY="" GridInvZ=""/>
    <Fixture Guid="0D 49 20 00 DB D9 EC 46 0F 4B 62 52 8D B0 D6 13" OldSubfixtureIndex="132" OffsetPan="None" OffsetTilt="None" Name="LED Backwall 95" Mode="9.DMXModes.Default" FID="295" Patch="4.283" Layer="&apos;Matrix&apos;" Class="&apos;LED Tiles&apos;" PosX="-0.200" PosY="2.900" PosZ="1.200" RotX="  90.00" GelColor="1.0000000000,1.0000000000,1.0000000000,1.0000000000" GridInvX="" GridInvY="" GridInvZ=""/>
    <Fixture Guid="0D 49 20 00 69 94 6A 2F C4 D1 4A 57 8D B0 D6 13" OldSubfixtureIndex="131" OffsetPan="None" OffsetTilt="None" Name="LED Backwall 94" Mode="9.DMXModes.Default" FID="294" Patch="4.280" Layer="&apos;Matrix&apos;" Class="&apos;LED Tiles&apos;" PosX="-0.600" PosY="2.900" PosZ="1.200" RotX="  90.00" GelColor="1.0000000000,1.0000000000,1.0000000000,1.0000000000" GridInvX="" GridInvY="" GridInvZ=""/>
    <Fixture Guid="0D 49 20 00 C0 24 6D 14 79 58 3D 5C 8D B0 D6 13" OldSubfixtureIndex="130" OffsetPan="None" OffsetTilt="None" Name="LED Backwall 93" Mode="9.DMXModes.Default" FID="293" Patch="4.277" Layer="&apos;Matrix&apos;" Class="&apos;LED Tiles&apos;" PosX="-1.000" PosY="2.900" PosZ="1.200" RotX="  90.00" GelColor="1.0000000000,1.0000000000,1.0000000000,1.0000000000" GridInvX="" GridInvY="" GridInvZ=""/>
    <Fixture Guid="0D 49 20 00 66 D3 5B 3F 2E E7 25 61 8D B0 D6 13" OldSubfixtureIndex="129" OffsetPan="None" OffsetTilt="None" Name="LED Backwall 92" Mode="9.DMXModes.Default" FID="292" Patch="4.274" Layer="&apos;Matrix&apos;" Class="&apos;LED Tiles&apos;" PosX="-1.400" PosY="2.900" PosZ="1.200" RotX="  90.00" GelColor="1.0000000000,1.0000000000,1.0000000000,1.0000000000" GridInvX="" GridInvY="" GridInvZ=""/>
    <Fixture Guid="0D 49 20 00 9E 42 34 05 E3 6D 0C 66 8D B0 D6 13" OldSubfixtureIndex="128" OffsetPan="None" OffsetTilt="None" Name="LED Backwall 91" Mode="9.DMXModes.Default" FID="291" Patch="4.271" Layer="&apos;Matrix&apos;" Class="&apos;LED Tiles&apos;" PosX="-1.800" PosY="2.900" PosZ="1.200" RotX="  90.00" GelColor="1.0000000000,1.0000000000,1.0000000000,1.0000000000" GridInvX="" GridInvY="" GridInvZ=""/>
    <Fixture Guid="0D 49 20 00 4E 62 24 38 98 F4 F4 6A 8D B0 D6 13" OldSubfixtureIndex="127" OffsetPan="None" OffsetTilt="None" Name="LED Backwall 90" Mode="9.DMXModes.Default" FID="290" Patch="4.268" Layer="&apos;Matrix&apos;" Class="&apos;LED Tiles&apos;" PosX="1.800" PosY="2.900" PosZ="1.600" RotX="  90.00" GelColor="1.0000000000,1.0000000000,1.0000000000,1.0000000000" GridInvX="" GridInvY="" GridInvZ=""/>
    <Fixture Guid="0D 49 20 00 D4 11 7F 1B 4D 73 DF 6F 8D B0 D6 13" OldSubfixtureIndex="126" OffsetPan="None" OffsetTilt="None" Name="LED Backwall 89" Mode="9.DMXModes.Default" FID="289" Patch="4.265" Layer="&apos;Matrix&apos;" Class="&apos;LED Tiles&apos;" PosX="1.400" PosY="2.900" PosZ="1.600" RotX="  90.00" GelColor="1.0000000000,1.0000000000,1.0000000000,1.0000000000" GridInvX="" GridInvY="" GridInvZ=""/>
    <Fixture Guid="0D 49 20 00 EA 1D A8 23 02 FA C7 74 8D B0 D6 13" OldSubfixtureIndex="125" OffsetPan="None" OffsetTilt="None" Name="LED Backwall 88" Mode="9.DMXModes.Default" FID="288" Patch="4.262" Layer="&apos;Matrix&apos;" Class="&apos;LED Tiles&apos;" PosX="1.000" PosY="2.900" PosZ="1.600" RotX="  90.00" GelColor="1.0000000000,1.0000000000,1.0000000000,1.0000000000" GridInvX="" GridInvY="" GridInvZ=""/>
    <Fixture Guid="0D 49 20 00 E4 5A 08 4C B7 80 AE 79 8C B0 D6 13" OldSubfixtureIndex="124" OffsetPan="None" OffsetTilt="None" Name="LED Backwall 87" Mode="9.DMXModes.Default" FID="287" Patch="4.259" Layer="&apos;Matrix&apos;" Class="&apos;LED Tiles&apos;" PosX="0.600" PosY="2.900" PosZ="1.600" RotX="  90.00" GelColor="1.0000000000,1.0000000000,1.0000000000,1.0000000000" GridInvX="" GridInvY="" GridInvZ=""/>
    <Fixture Guid="0D 49 20 00 F0 06 7B 3A 6C 0F 91 7E 8C B0 D6 13" OldSubfixtureIndex="123" OffsetPan="None" OffsetTilt="None" Name="LED Backwall 86" Mode="9.DMXModes.Default" FID="286" Patch="4.256" Layer="&apos;Matrix&apos;" Class="&apos;LED Tiles&apos;" PosX="0.200" PosY="2.900" PosZ="1.600" RotX="  90.00" GelColor="1.0000000000,1.0000000000,1.0000000000,1.0000000000" GridInvX="" GridInvY="" GridInvZ=""/>
    <Fixture Guid="0D 49 20 00 7E 85 37 4E 21 96 79 83 8F B0 D6 13" OldSubfixtureIndex="122" OffsetPan="None" OffsetTilt="None" Name="LED Backwall 85" Mode="9.DMXModes.Default" FID="285" Patch="4.253" Layer="&apos;Matrix&apos;" Class="&apos;LED Tiles&apos;" PosX="-0.200" PosY="2.900" PosZ="1.600" RotX="  90.00" GelColor="1.0000000000,1.0000000000,1.0000000000,1.0000000000" GridInvX="" GridInvY="" GridInvZ=""/>
    <Fixture Guid="0D 49 20 00 33 53 36 3F D6 1C 60 88 8F B0 D6 13" OldSubfixtureIndex="121" OffsetPan="None" OffsetTilt="None" Name="LED Backwall 84" Mode="9.DMXModes.Default" FID="284" Patch="4.250" Layer="&apos;Matrix&apos;" Class="&apos;LED Tiles&apos;" PosX="-0.600" PosY="2.900" PosZ="1.600" RotX="  90.00" GelColor="1.0000000000,1.0000000000,1.0000000000,1.0000000000" GridInvX="" GridInvY="" GridInvZ=""/>
    <Fixture Guid="0D 49 20 00 61 53 5F 69 8B 9B 48 8D 8F B0 D6 13" OldSubfixtureIndex="120" OffsetPan="None" OffsetTilt="None" Name="LED Backwall 83" Mode="9.DMXModes.Default" FID="283" Patch="4.247" Layer="&apos;Matrix&apos;" Class="&apos;LED Tiles&apos;" PosX="-1.000" PosY="2.900" PosZ="1.600" RotX="  90.00" GelColor="1.0000000000,1.0000000000,1.0000000000,1.0000000000" GridInvX="" GridInvY="" GridInvZ=""/>
    <Fixture Guid="0D 49 20 00 1B 71 A5 78 40 22 33 92 8F B0 D6 13" OldSubfixtureIndex="119" OffsetPan="None" OffsetTilt="None" Name="LED Backwall 82" Mode="9.DMXModes.Default" FID="282" Patch="4.244" Layer="&apos;Matrix&apos;" Class="&apos;LED Tiles&apos;" PosX="-1.400" PosY="2.900" PosZ="1.600" RotX="  90.00" GelColor="1.0000000000,1.0000000000,1.0000000000,1.0000000000" GridInvX="" GridInvY="" GridInvZ=""/>
    <Fixture Guid="0D 49 20 00 29 70 4A 56 F5 A8 1B 97 8F B0 D6 13" OldSubfixtureIndex="118" OffsetPan="None" OffsetTilt="None" Name="LED Backwall 81" Mode="9.DMXModes.Default" FID="281" Patch="4.241" Layer="&apos;Matrix&apos;" Class="&apos;LED Tiles&apos;" PosX="-1.800" PosY="2.900" PosZ="1.600" RotX="  90.00" GelColor="1.0000000000,1.0000000000,1.0000000000,1.0000000000" GridInvX="" GridInvY="" GridInvZ=""/>
    <Fixture Guid="0D 49 20 00 8B C3 D0 47 AA 37 02 9C 8F B0 D6 13" OldSubfixtureIndex="117" OffsetPan="None" OffsetTilt="None" Name="LED Backwall 80" Mode="9.DMXModes.Default" FID="280" Patch="4.238" Layer="&apos;Matrix&apos;" Class="&apos;LED Tiles&apos;" PosX="1.800" PosY="2.900" PosZ="2.000" RotX="  90.00" GelColor="1.0000000000,1.0000000000,1.0000000000,1.0000000000" GridInvX="" GridInvY="" GridInvZ=""/>
    <Fixture Guid="0D 49 20 00 87 6C 9E 48 5F BE EA A0 8F B0 D6 13" OldSubfixtureIndex="116" OffsetPan="None" OffsetTilt="None" Name="LED Backwall 79" Mode="9.DMXModes.Default" FID="279" Patch="4.235" Layer="&apos;Matrix&apos;" Class="&apos;LED Tiles&apos;" PosX="1.400" PosY="2.900" PosZ="2.000" RotX="  90.00" GelColor="1.0000000000,1.0000000000,1.0000000000,1.0000000000" GridInvX="" GridInvY="" GridInvZ=""/>
    <Fixture Guid="0D 49 20 00 5B 46 C6 22 14 45 DD A5 8F B0 D6 13" OldSubfixtureIndex="115" OffsetPan="None" OffsetTilt="None" Name="LED Backwall 78" Mode="9.DMXModes.Default" FID="278" Patch="4.232" Layer="&apos;Matrix&apos;" Class="&apos;LED Tiles&apos;" PosX="1.000" PosY="2.900" PosZ="2.000" RotX="  90.00" GelColor="1.0000000000,1.0000000000,1.0000000000,1.0000000000" GridInvX="" GridInvY="" GridInvZ=""/>
    <Fixture Guid="0D 49 20 00 56 DA 26 48 C9 C3 C5 AA 8F B0 D6 13" OldSubfixtureIndex="114" OffsetPan="None" OffsetTilt="None" Name="LED Backwall 77" Mode="9.DMXModes.Default" FID="277" Patch="4.229" Layer="&apos;Matrix&apos;" Class="&apos;LED Tiles&apos;" PosX="0.600" PosY="2.900" PosZ="2.000" RotX="  90.00" GelColor="1.0000000000,1.0000000000,1.0000000000,1.0000000000" GridInvX="" GridInvY="" GridInvZ=""/>
    <Fixture Guid="0D 49 20 00 C6 37 F0 66 7E 4A AC AF 8F B0 D6 13" OldSubfixtureIndex="113" OffsetPan="None" OffsetTilt="None" Name="LED Backwall 76" Mode="9.DMXModes.Default" FID="276" Patch="4.226" Layer="&apos;Matrix&apos;" Class="&apos;LED Tiles&apos;" PosX="0.200" PosY="2.900" PosZ="2.000" RotX="  90.00" GelColor="1.0000000000,1.0000000000,1.0000000000,1.0000000000" GridInvX="" GridInvY="" GridInvZ=""/>
    <Fixture Guid="0D 49 20 00 8E 76 1B 61 33 D1 94 B4 8F B0 D6 13" OldSubfixtureIndex="112" OffsetPan="None" OffsetTilt="None" Name="LED Backwall 75" Mode="9.DMXModes.Default" FID="275" Patch="4.223" Layer="&apos;Matrix&apos;" Class="&apos;LED Tiles&apos;" PosX="-0.200" PosY="2.900" PosZ="2.000" RotX="  90.00" GelColor="1.0000000000,1.0000000000,1.0000000000,1.0000000000" GridInvX="" GridInvY="" GridInvZ=""/>
    <Fixture Guid="0D 49 20 00 EF 3B BD 6C E8 5F 7F B9 8C B0 D6 13" OldSubfixtureIndex="111" OffsetPan="None" OffsetTilt="None" Name="LED Backwall 74" Mode="9.DMXModes.Default" FID="274" Patch="4.220" Layer="&apos;Matrix&apos;" Class="&apos;LED Tiles&apos;" PosX="-0.600" PosY="2.900" PosZ="2.000" RotX="  90.00" GelColor="1.0000000000,1.0000000000,1.0000000000,1.0000000000" GridInvX="" GridInvY="" GridInvZ=""/>
    <Fixture Guid="0D 49 20 00 C8 2A 52 36 9D E6 67 BE 8C B0 D6 13" OldSubfixtureIndex="110" OffsetPan="None" OffsetTilt="None" Name="LED Backwall 73" Mode="9.DMXModes.Default" FID="273" Patch="4.217" Layer="&apos;Matrix&apos;" Class="&apos;LED Tiles&apos;" PosX="-1.000" PosY="2.900" PosZ="2.000" RotX="  90.00" GelColor="1.0000000000,1.0000000000,1.0000000000,1.0000000000" GridInvX="" GridInvY="" GridInvZ=""/>
    <Fixture Guid="0D 49 20 00 F0 52 40 53 52 6D 4E C3 8C B0 D6 13" OldSubfixtureIndex="109" OffsetPan="None" OffsetTilt="None" Name="LED Backwall 72" Mode="9.DMXModes.Default" FID="272" Patch="4.214" Layer="&apos;Matrix&apos;" Class="&apos;LED Tiles&apos;" PosX="-1.400" PosY="2.900" PosZ="2.000" RotX="  90.00" GelColor="1.0000000000,1.0000000000,1.0000000000,1.0000000000" GridInvX="" GridInvY="" GridInvZ=""/>
    <Fixture Guid="0D 49 20 00 37 33 11 66 07 F4 36 C8 8C B0 D6 13" OldSubfixtureIndex="108" OffsetPan="None" OffsetTilt="None" Name="LED Backwall 71" Mode="9.DMXModes.Default" FID="271" Patch="4.211" Layer="&apos;Matrix&apos;" Class="&apos;LED Tiles&apos;" PosX="-1.800" PosY="2.900" PosZ="2.000" RotX="  90.00" GelColor="1.0000000000,1.0000000000,1.0000000000,1.0000000000" GridInvX="" GridInvY="" GridInvZ=""/>
    <Fixture Guid="0D 49 20 00 D4 69 45 4E BC 72 19 CD 8C B0 D6 13" OldSubfixtureIndex="107" OffsetPan="None" OffsetTilt="None" Name="LED Backwall 70" Mode="9.DMXModes.Default" FID="270" Patch="4.208" Layer="&apos;Matrix&apos;" Class="&apos;LED Tiles&apos;" PosX="1.800" PosY="2.900" PosZ="2.400" RotX="  90.00" GelColor="1.0000000000,1.0000000000,1.0000000000,1.0000000000" GridInvX="" GridInvY="" GridInvZ=""/>
    <Fixture Guid="0D 49 20 00 3D 23 C6 1E 71 F9 01 D2 8C B0 D6 13" OldSubfixtureIndex="106" OffsetPan="None" OffsetTilt="None" Name="LED Backwall 69" Mode="9.DMXModes.Default" FID="269" Patch="4.205" Layer="&apos;Matrix&apos;" Class="&apos;LED Tiles&apos;" PosX="1.400" PosY="2.900" PosZ="2.400" RotX="  90.00" GelColor="1.0000000000,1.0000000000,1.0000000000,1.0000000000" GridInvX="" GridInvY="" GridInvZ=""/>
    <Fixture Guid="0D 49 20 00 AF B6 89 7C 26 80 E8 D6 8C B0 D6 13" OldSubfixtureIndex="105" OffsetPan="None" OffsetTilt="None" Name="LED Backwall 68" Mode="9.DMXModes.Default" FID="268" Patch="4.202" Layer="&apos;Matrix&apos;" Class="&apos;LED Tiles&apos;" PosX="1.000" PosY="2.900" PosZ="2.400" RotX="  90.00" GelColor="1.0000000000,1.0000000000,1.0000000000,1.0000000000" GridInvX="" GridInvY="" GridInvZ=""/>
    <Fixture Guid="0D 49 20 00 F4 5B D3 65 DB 0E D3 DB 8C B0 D6 13" OldSubfixtureIndex="104" OffsetPan="None" OffsetTilt="None" Name="LED Backwall 67" Mode="9.DMXModes.Default" FID="267" Patch="4.199" Layer="&apos;Matrix&apos;" Class="&apos;LED Tiles&apos;" PosX="0.600" PosY="2.900" PosZ="2.400" RotX="  90.00" GelColor="1.0000000000,1.0000000000,1.0000000000,1.0000000000" GridInvX="" GridInvY="" GridInvZ=""/>
    <Fixture Guid="0D 49 20 00 9C DB CF 3F 90 95 BB E0 8C B0 D6 13" OldSubfixtureIndex="103" OffsetPan="None" OffsetTilt="None" Name="LED Backwall 66" Mode="9.DMXModes.Default" FID="266" Patch="4.196" Layer="&apos;Matrix&apos;" Class="&apos;LED Tiles&apos;" PosX="0.200" PosY="2.900" PosZ="2.400" RotX="  90.00" GelColor="1.0000000000,1.0000000000,1.0000000000,1.0000000000" GridInvX="" GridInvY="" GridInvZ=""/>
    <Fixture Guid="0D 49 20 00 D1 5F 9B 06 45 1C A2 E5 8C B0 D6 13" OldSubfixtureIndex="102" OffsetPan="None" OffsetTilt="None" Name="LED Backwall 65" Mode="9.DMXModes.Default" FID="265" Patch="4.193" Layer="&apos;Matrix&apos;" Class="&apos;LED Tiles&apos;" PosX="-0.200" PosY="2.900" PosZ="2.400" RotX="  90.00" GelColor="1.0000000000,1.0000000000,1.0000000000,1.0000000000" GridInvX="" GridInvY="" GridInvZ=""/>
    <Fixture Guid="0D 49 20 00 15 02 A0 01 FA 9A 8A EA 8C B0 D6 13" OldSubfixtureIndex="101" OffsetPan="None" OffsetTilt="None" Name="LED Backwall 64" Mode="9.DMXModes.Default" FID="264" Patch="4.190" Layer="&apos;Matrix&apos;" Class="&apos;LED Tiles&apos;" PosX="-0.600" PosY="2.900" PosZ="2.400" RotX="  90.00" GelColor="1.0000000000,1.0000000000,1.0000000000,1.0000000000" GridInvX="" GridInvY="" GridInvZ=""/>
    <Fixture Guid="0D 49 20 00 2B 4D 45 20 AF 21 7D EF 8C B0 D6 13" OldSubfixtureIndex="100" OffsetPan="None" OffsetTilt="None" Name="LED Backwall 63" Mode="9.DMXModes.Default" FID="263" Patch="4.187" Layer="&apos;Matrix&apos;" Class="&apos;LED Tiles&apos;" PosX="-1.000" PosY="2.900" PosZ="2.400" RotX="  90.00" GelColor="1.0000000000,1.0000000000,1.0000000000,1.0000000000" GridInvX="" GridInvY="" GridInvZ=""/>
    <Fixture Guid="0D 49 20 00 D2 BE 59 52 64 A8 65 F4 8C B0 D6 13" OldSubfixtureIndex="99" OffsetPan="None" OffsetTilt="None" Name="LED Backwall 62" Mode="9.DMXModes.Default" FID="262" Patch="4.184" Layer="&apos;Matrix&apos;" Class="&apos;LED Tiles&apos;" PosX="-1.400" PosY="2.900" PosZ="2.400" RotX="  90.00" GelColor="1.0000000000,1.0000000000,1.0000000000,1.0000000000" GridInvX="" GridInvY="" GridInvZ=""/>
    <Fixture Guid="0D 49 20 00 F1 C5 CB 1D 19 37 4C F9 8C B0 D6 13" OldSubfixtureIndex="98" OffsetPan="None" OffsetTilt="None" Name="LED Backwall 61" Mode="9.DMXModes.Default" FID="261" Patch="4.181" Layer="&apos;Matrix&apos;" Class="&apos;LED Tiles&apos;" PosX="-1.800" PosY="2.900" PosZ="2.400" RotX="  90.00" GelColor="1.0000000000,1.0000000000,1.0000000000,1.0000000000" GridInvX="" GridInvY="" GridInvZ=""/>
    <Fixture Guid="0D 49 20 00 54 29 7B 5B CE BD 34 FE 8D B0 D6 13" OldSubfixtureIndex="97" OffsetPan="None" OffsetTilt="None" Name="LED Backwall 60" Mode="9.DMXModes.Default" FID="260" Patch="4.178" Layer="&apos;Matrix&apos;" Class="&apos;LED Tiles&apos;" PosX="1.800" PosY="2.900" PosZ="2.800" RotX="  90.00" GelColor="1.0000000000,1.0000000000,1.0000000000,1.0000000000" GridInvX="" GridInvY="" GridInvZ=""/>
    <Fixture Guid="0D 49 20 00 0A 03 0B 72 83 44 1F 03 8D B0 D6 13" OldSubfixtureIndex="96" OffsetPan="None" OffsetTilt="None" Name="LED Backwall 59" Mode="9.DMXModes.Default" FID="259" Patch="4.175" Layer="&apos;Matrix&apos;" Class="&apos;LED Tiles&apos;" PosX="1.400" PosY="2.900" PosZ="2.800" RotX="  90.00" GelColor="1.0000000000,1.0000000000,1.0000000000,1.0000000000" GridInvX="" GridInvY="" GridInvZ=""/>
    <Fixture Guid="0D 49 20 00 84 16 13 67 38 C3 07 08 8D B0 D6 13" OldSubfixtureIndex="95" OffsetPan="None" OffsetTilt="None" Name="LED Backwall 58" Mode="9.DMXModes.Default" FID="258" Patch="4.172" Layer="&apos;Matrix&apos;" Class="&apos;LED Tiles&apos;" PosX="1.000" PosY="2.900" PosZ="2.800" RotX="  90.00" GelColor="1.0000000000,1.0000000000,1.0000000000,1.0000000000" GridInvX="" GridInvY="" GridInvZ=""/>
    <Fixture Guid="0D 49 20 00 CC 9C 81 5B ED 49 EE 0C 8D B0 D6 13" OldSubfixtureIndex="94" OffsetPan="None" OffsetTilt="None" Name="LED Backwall 57" Mode="9.DMXModes.Default" FID="257" Patch="4.169" Layer="&apos;Matrix&apos;" Class="&apos;LED Tiles&apos;" PosX="0.600" PosY="2.900" PosZ="2.800" RotX="  90.00" GelColor="1.0000000000,1.0000000000,1.0000000000,1.0000000000" GridInvX="" GridInvY="" GridInvZ=""/>
    <Fixture Guid="0D 49 20 00 10 03 E1 16 A2 D0 D6 11 8D B0 D6 13" OldSubfixtureIndex="93" OffsetPan="None" OffsetTilt="None" Name="LED Backwall 56" Mode="9.DMXModes.Default" FID="256" Patch="4.166" Layer="&apos;Matrix&apos;" Class="&apos;LED Tiles&apos;" PosX="0.200" PosY="2.900" PosZ="2.800" RotX="  90.00" GelColor="1.0000000000,1.0000000000,1.0000000000,1.0000000000" GridInvX="" GridInvY="" GridInvZ=""/>
    <Fixture Guid="0D 49 20 00 2F AF 0C 4B 57 5F B9 16 8D B0 D6 13" OldSubfixtureIndex="92" OffsetPan="None" OffsetTilt="None" Name="LED Backwall 55" Mode="9.DMXModes.Default" FID="255" Patch="4.163" Layer="&apos;Matrix&apos;" Class="&apos;LED Tiles&apos;" PosX="-0.200" PosY="2.900" PosZ="2.800" RotX="  90.00" GelColor="1.0000000000,1.0000000000,1.0000000000,1.0000000000" GridInvX="" GridInvY="" GridInvZ=""/>
    <Fixture Guid="0D 49 20 00 83 0F 61 4F 0C E6 A1 1B 8D B0 D6 13" OldSubfixtureIndex="91" OffsetPan="None" OffsetTilt="None" Name="LED Backwall 54" Mode="9.DMXModes.Default" FID="254" Patch="4.160" Layer="&apos;Matrix&apos;" Class="&apos;LED Tiles&apos;" PosX="-0.600" PosY="2.900" PosZ="2.800" RotX="  90.00" GelColor="1.0000000000,1.0000000000,1.0000000000,1.0000000000" GridInvX="" GridInvY="" GridInvZ=""/>
    <Fixture Guid="0D 49 20 00 AA E6 DC 6E C1 6C 88 20 8D B0 D6 13" OldSubfixtureIndex="90" OffsetPan="None" OffsetTilt="None" Name="LED Backwall 53" Mode="9.DMXModes.Default" FID="253" Patch="4.157" Layer="&apos;Matrix&apos;" Class="&apos;LED Tiles&apos;" PosX="-1.000" PosY="2.900" PosZ="2.800" RotX="  90.00" GelColor="1.0000000000,1.0000000000,1.0000000000,1.0000000000" GridInvX="" GridInvY="" GridInvZ=""/>
    <Fixture Guid="0D 49 20 00 36 8B 9F 2B 76 EB 70 25 8D B0 D6 13" OldSubfixtureIndex="89" OffsetPan="None" OffsetTilt="None" Name="LED Backwall 52" Mode="9.DMXModes.Default" FID="252" Patch="4.154" Layer="&apos;Matrix&apos;" Class="&apos;LED Tiles&apos;" PosX="-1.400" PosY="2.900" PosZ="2.800" RotX="  90.00" GelColor="1.0000000000,1.0000000000,1.0000000000,1.0000000000" GridInvX="" GridInvY="" GridInvZ=""/>
    <Fixture Guid="0D 49 20 00 33 08 36 36 2B 72 5B 2A 8D B0 D6 13" OldSubfixtureIndex="88" OffsetPan="None" OffsetTilt="None" Name="LED Backwall 51" Mode="9.DMXModes.Default" FID="251" Patch="4.151" Layer="&apos;Matrix&apos;" Class="&apos;LED Tiles&apos;" PosX="-1.800" PosY="2.900" PosZ="2.800" RotX="  90.00" GelColor="1.0000000000,1.0000000000,1.0000000000,1.0000000000" GridInvX="" GridInvY="" GridInvZ=""/>
    <Fixture Guid="0D 49 20 00 2D 36 93 2D E0 F8 43 2F 8D B0 D6 13" OldSubfixtureIndex="87" OffsetPan="None" OffsetTilt="None" Name="LED Backwall 50" Mode="9.DMXModes.Default" FID="250" Patch="4.148" Layer="&apos;Matrix&apos;" Class="&apos;LED Tiles&apos;" PosX="1.800" PosY="2.900" PosZ="3.200" RotX="  90.00" GelColor="1.0000000000,1.0000000000,1.0000000000,1.0000000000" GridInvX="" GridInvY="" GridInvZ=""/>
    <Fixture Guid="0D 49 20 00 94 ED 9A 75 95 87 2A 34 8D B0 D6 13" OldSubfixtureIndex="86" OffsetPan="None" OffsetTilt="None" Name="LED Backwall 49" Mode="9.DMXModes.Default" FID="249" Patch="4.145" Layer="&apos;Matrix&apos;" Class="&apos;LED Tiles&apos;" PosX="1.400" PosY="2.900" PosZ="3.200" RotX="  90.00" GelColor="1.0000000000,1.0000000000,1.0000000000,1.0000000000" GridInvX="" GridInvY="" GridInvZ=""/>
    <Fixture Guid="0D 49 20 00 61 31 BD 6B 4A 0E 1D 39 8D B0 D6 13" OldSubfixtureIndex="85" OffsetPan="None" OffsetTilt="None" Name="LED Backwall 48" Mode="9.DMXModes.Default" FID="248" Patch="4.142" Layer="&apos;Matrix&apos;" Class="&apos;LED Tiles&apos;" PosX="1.000" PosY="2.900" PosZ="3.200" RotX="  90.00" GelColor="1.0000000000,1.0000000000,1.0000000000,1.0000000000" GridInvX="" GridInvY="" GridInvZ=""/>
    <Fixture Guid="0D 49 20 00 6D CB DB 3B FF 94 05 3E 8D B0 D6 13" OldSubfixtureIndex="84" OffsetPan="None" OffsetTilt="None" Name="LED Backwall 47" Mode="9.DMXModes.Default" FID="247" Patch="4.139" Layer="&apos;Matrix&apos;" Class="&apos;LED Tiles&apos;" PosX="0.600" PosY="2.900" PosZ="3.200" RotX="  90.00" GelColor="1.0000000000,1.0000000000,1.0000000000,1.0000000000" GridInvX="" GridInvY="" GridInvZ=""/>
    <Fixture Guid="0D 49 20 00 07 9A 98 65 B4 13 EC 42 8D B0 D6 13" OldSubfixtureIndex="83" OffsetPan="None" OffsetTilt="None" Name="LED Backwall 46" Mode="9.DMXModes.Default" FID="246" Patch="4.136" Layer="&apos;Matrix&apos;" Class="&apos;LED Tiles&apos;" PosX="0.200" PosY="2.900" PosZ="3.200" RotX="  90.00" GelColor="1.0000000000,1.0000000000,1.0000000000,1.0000000000" GridInvX="" GridInvY="" GridInvZ=""/>
    <Fixture Guid="0D 49 20 00 5E 01 8D 36 69 9A D4 47 8D B0 D6 13" OldSubfixtureIndex="82" OffsetPan="None" OffsetTilt="None" Name="LED Backwall 45" Mode="9.DMXModes.Default" FID="245" Patch="4.133" Layer="&apos;Matrix&apos;" Class="&apos;LED Tiles&apos;" PosX="-0.200" PosY="2.900" PosZ="3.200" RotX="  90.00" GelColor="1.0000000000,1.0000000000,1.0000000000,1.0000000000" GridInvX="" GridInvY="" GridInvZ=""/>
    <Fixture Guid="0D 49 20 00 7E 18 AA 17 1E 21 BF 4C 92 B0 D6 13" OldSubfixtureIndex="81" OffsetPan="None" OffsetTilt="None" Name="LED Backwall 44" Mode="9.DMXModes.Default" FID="244" Patch="4.130" Layer="&apos;Matrix&apos;" Class="&apos;LED Tiles&apos;" PosX="-0.600" PosY="2.900" PosZ="3.200" RotX="  90.00" GelColor="1.0000000000,1.0000000000,1.0000000000,1.0000000000" GridInvX="" GridInvY="" GridInvZ=""/>
    <Fixture Guid="0D 49 20 00 18 0C BB 0C D3 AF A7 51 92 B0 D6 13" OldSubfixtureIndex="80" OffsetPan="None" OffsetTilt="None" Name="LED Backwall 43" Mode="9.DMXModes.Default" FID="243" Patch="4.127" Layer="&apos;Matrix&apos;" Class="&apos;LED Tiles&apos;" PosX="-1.000" PosY="2.900" PosZ="3.200" RotX="  90.00" GelColor="1.0000000000,1.0000000000,1.0000000000,1.0000000000" GridInvX="" GridInvY="" GridInvZ=""/>
    <Fixture Guid="0D 49 20 00 53 C5 FD 61 88 36 8E 56 92 B0 D6 13" OldSubfixtureIndex="79" OffsetPan="None" OffsetTilt="None" Name="LED Backwall 42" Mode="9.DMXModes.Default" FID="242" Patch="4.124" Layer="&apos;Matrix&apos;" Class="&apos;LED Tiles&apos;" PosX="-1.400" PosY="2.900" PosZ="3.200" RotX="  90.00" GelColor="1.0000000000,1.0000000000,1.0000000000,1.0000000000" GridInvX="" GridInvY="" GridInvZ=""/>
    <Fixture Guid="0D 49 20 00 13 2B 69 3A 3D BD 76 5B 92 B0 D6 13" OldSubfixtureIndex="78" OffsetPan="None" OffsetTilt="None" Name="LED Backwall 41" Mode="9.DMXModes.Default" FID="241" Patch="4.121" Layer="&apos;Matrix&apos;" Class="&apos;LED Tiles&apos;" PosX="-1.800" PosY="2.900" PosZ="3.200" RotX="  90.00" GelColor="1.0000000000,1.0000000000,1.0000000000,1.0000000000" GridInvX="" GridInvY="" GridInvZ=""/>
    <Fixture Guid="0D 49 20 00 27 80 78 63 F2 3B 59 60 92 B0 D6 13" OldSubfixtureIndex="77" OffsetPan="None" OffsetTilt="None" Name="LED Backwall 40" Mode="9.DMXModes.Default" FID="240" Patch="4.118" Layer="&apos;Matrix&apos;" Class="&apos;LED Tiles&apos;" PosX="1.800" PosY="2.900" PosZ="3.600" RotX="  90.00" GelColor="1.0000000000,1.0000000000,1.0000000000,1.0000000000" GridInvX="" GridInvY="" GridInvZ=""/>
    <Fixture Guid="0D 49 20 00 80 09 81 62 A7 C2 41 65 92 B0 D6 13" OldSubfixtureIndex="76" OffsetPan="None" OffsetTilt="None" Name="LED Backwall 39" Mode="9.DMXModes.Default" FID="239" Patch="4.115" Layer="&apos;Matrix&apos;" Class="&apos;LED Tiles&apos;" PosX="1.400" PosY="2.900" PosZ="3.600" RotX="  90.00" GelColor="1.0000000000,1.0000000000,1.0000000000,1.0000000000" GridInvX="" GridInvY="" GridInvZ=""/>
    <Fixture Guid="0D 49 20 00 C1 43 E7 58 5C 49 28 6A 92 B0 D6 13" OldSubfixtureIndex="75" OffsetPan="None" OffsetTilt="None" Name="LED Backwall 38" Mode="9.DMXModes.Default" FID="238" Patch="4.112" Layer="&apos;Matrix&apos;" Class="&apos;LED Tiles&apos;" PosX="1.000" PosY="2.900" PosZ="3.600" RotX="  90.00" GelColor="1.0000000000,1.0000000000,1.0000000000,1.0000000000" GridInvX="" GridInvY="" GridInvZ=""/>
    <Fixture Guid="0D 49 20 00 3E 53 1D 7C 11 D0 10 6F 92 B0 D6 13" OldSubfixtureIndex="74" OffsetPan="None" OffsetTilt="None" Name="LED Backwall 37" Mode="9.DMXModes.Default" FID="237" Patch="4.109" Layer="&apos;Matrix&apos;" Class="&apos;LED Tiles&apos;" PosX="0.600" PosY="2.900" PosZ="3.600" RotX="  90.00" GelColor="1.0000000000,1.0000000000,1.0000000000,1.0000000000" GridInvX="" GridInvY="" GridInvZ=""/>
    <Fixture Guid="0D 49 20 00 3E 5D 02 5A C6 5E FB 73 92 B0 D6 13" OldSubfixtureIndex="73" OffsetPan="None" OffsetTilt="None" Name="LED Backwall 36" Mode="9.DMXModes.Default" FID="236" Patch="4.106" Layer="&apos;Matrix&apos;" Class="&apos;LED Tiles&apos;" PosX="0.200" PosY="2.900" PosZ="3.600" RotX="  90.00" GelColor="1.0000000000,1.0000000000,1.0000000000,1.0000000000" GridInvX="" GridInvY="" GridInvZ=""/>
    <Fixture Guid="0D 49 20 00 11 92 99 15 7B E5 E3 78 92 B0 D6 13" OldSubfixtureIndex="72" OffsetPan="None" OffsetTilt="None" Name="LED Backwall 35" Mode="9.DMXModes.Default" FID="235" Patch="4.103" Layer="&apos;Matrix&apos;" Class="&apos;LED Tiles&apos;" PosX="-0.200" PosY="2.900" PosZ="3.600" RotX="  90.00" GelColor="1.0000000000,1.0000000000,1.0000000000,1.0000000000" GridInvX="" GridInvY="" GridInvZ=""/>
    <Fixture Guid="0D 49 20 00 5F A5 52 2A 30 6C CA 7D 92 B0 D6 13" OldSubfixtureIndex="71" OffsetPan="None" OffsetTilt="None" Name="LED Backwall 34" Mode="9.DMXModes.Default" FID="234" Patch="4.100" Layer="&apos;Matrix&apos;" Class="&apos;LED Tiles&apos;" PosX="-0.600" PosY="2.900" PosZ="3.600" RotX="  90.00" GelColor="1.0000000000,1.0000000000,1.0000000000,1.0000000000" GridInvX="" GridInvY="" GridInvZ=""/>
    <Fixture Guid="0D 49 20 00 C4 40 C5 6D E5 EA B2 82 93 B0 D6 13" OldSubfixtureIndex="70" OffsetPan="None" OffsetTilt="None" Name="LED Backwall 33" Mode="9.DMXModes.Default" FID="233" Patch="4.097" Layer="&apos;Matrix&apos;" Class="&apos;LED Tiles&apos;" PosX="-1.000" PosY="2.900" PosZ="3.600" RotX="  90.00" GelColor="1.0000000000,1.0000000000,1.0000000000,1.0000000000" GridInvX="" GridInvY="" GridInvZ=""/>
    <Fixture Guid="0D 49 20 00 36 18 F9 4E 9A 71 A5 87 93 B0 D6 13" OldSubfixtureIndex="69" OffsetPan="None" OffsetTilt="None" Name="LED Backwall 32" Mode="9.DMXModes.Default" FID="232" Patch="4.094" Layer="&apos;Matrix&apos;" Class="&apos;LED Tiles&apos;" PosX="-1.400" PosY="2.900" PosZ="3.600" RotX="  90.00" GelColor="1.0000000000,1.0000000000,1.0000000000,1.0000000000" GridInvX="" GridInvY="" GridInvZ=""/>
    <Fixture Guid="0D 49 20 00 67 B7 3D 66 4F F8 8D 8C 93 B0 D6 13" OldSubfixtureIndex="68" OffsetPan="None" OffsetTilt="None" Name="LED Backwall 31" Mode="9.DMXModes.Default" FID="231" Patch="4.091" Layer="&apos;Matrix&apos;" Class="&apos;LED Tiles&apos;" PosX="-1.800" PosY="2.900" PosZ="3.600" RotX="  90.00" GelColor="1.0000000000,1.0000000000,1.0000000000,1.0000000000" GridInvX="" GridInvY="" GridInvZ=""/>
    <Fixture Guid="0D 49 20 00 8D AA C7 3C 04 87 74 91 93 B0 D6 13" OldSubfixtureIndex="67" OffsetPan="None" OffsetTilt="None" Name="LED Backwall 30" Mode="9.DMXModes.Default" FID="230" Patch="4.088" Layer="&apos;Matrix&apos;" Class="&apos;LED Tiles&apos;" PosX="1.800" PosY="2.900" PosZ="4.000" RotX="  90.00" GelColor="1.0000000000,1.0000000000,1.0000000000,1.0000000000" GridInvX="" GridInvY="" GridInvZ=""/>
    <Fixture Guid="0D 49 20 00 28 90 CA 79 B9 0D 5F 96 92 B0 D6 13" OldSubfixtureIndex="66" OffsetPan="None" OffsetTilt="None" Name="LED Backwall 29" Mode="9.DMXModes.Default" FID="229" Patch="4.085" Layer="&apos;Matrix&apos;" Class="&apos;LED Tiles&apos;" PosX="1.400" PosY="2.900" PosZ="4.000" RotX="  90.00" GelColor="1.0000000000,1.0000000000,1.0000000000,1.0000000000" GridInvX="" GridInvY="" GridInvZ=""/>
    <Fixture Guid="0D 49 20 00 5A 04 39 65 6E 94 47 9B 92 B0 D6 13" OldSubfixtureIndex="65" OffsetPan="None" OffsetTilt="None" Name="LED Backwall 28" Mode="9.DMXModes.Default" FID="228" Patch="4.082" Layer="&apos;Matrix&apos;" Class="&apos;LED Tiles&apos;" PosX="1.000" PosY="2.900" PosZ="4.000" RotX="  90.00" GelColor="1.0000000000,1.0000000000,1.0000000000,1.0000000000" GridInvX="" GridInvY="" GridInvZ=""/>
    <Fixture Guid="0D 49 20 00 34 63 F7 15 23 13 2E A0 92 B0 D6 13" OldSubfixtureIndex="64" OffsetPan="None" OffsetTilt="None" Name="LED Backwall 27" Mode="9.DMXModes.Default" FID="227" Patch="4.079" Layer="&apos;Matrix&apos;" Class="&apos;LED Tiles&apos;" PosX="0.600" PosY="2.900" PosZ="4.000" RotX="  90.00" GelColor="1.0000000000,1.0000000000,1.0000000000,1.0000000000" GridInvX="" GridInvY="" GridInvZ=""/>
    <Fixture Guid="0D 49 20 00 E9 88 0F 12 D8 99 16 A5 92 B0 D6 13" OldSubfixtureIndex="63" OffsetPan="None" OffsetTilt="None" Name="LED Backwall 26" Mode="9.DMXModes.Default" FID="226" Patch="4.076" Layer="&apos;Matrix&apos;" Class="&apos;LED Tiles&apos;" PosX="0.200" PosY="2.900" PosZ="4.000" RotX="  90.00" GelColor="1.0000000000,1.0000000000,1.0000000000,1.0000000000" GridInvX="" GridInvY="" GridInvZ=""/>
    <Fixture Guid="0D 49 20 00 06 20 35 2E 8D 20 F9 A9 92 B0 D6 13" OldSubfixtureIndex="62" OffsetPan="None" OffsetTilt="None" Name="LED Backwall 25" Mode="9.DMXModes.Default" FID="225" Patch="4.073" Layer="&apos;Matrix&apos;" Class="&apos;LED Tiles&apos;" PosX="-0.200" PosY="2.900" PosZ="4.000" RotX="  90.00" GelColor="1.0000000000,1.0000000000,1.0000000000,1.0000000000" GridInvX="" GridInvY="" GridInvZ=""/>
    <Fixture Guid="0D 49 20 00 59 18 9C 19 42 AF E1 AE 92 B0 D6 13" OldSubfixtureIndex="61" OffsetPan="None" OffsetTilt="None" Name="LED Backwall 24" Mode="9.DMXModes.Default" FID="224" Patch="4.070" Layer="&apos;Matrix&apos;" Class="&apos;LED Tiles&apos;" PosX="-0.600" PosY="2.900" PosZ="4.000" RotX="  90.00" GelColor="1.0000000000,1.0000000000,1.0000000000,1.0000000000" GridInvX="" GridInvY="" GridInvZ=""/>
    <Fixture Guid="0D 49 20 00 2F FB 5B 1F F7 35 C8 B3 92 B0 D6 13" OldSubfixtureIndex="60" OffsetPan="None" OffsetTilt="None" Name="LED Backwall 23" Mode="9.DMXModes.Default" FID="223" Patch="4.067" Layer="&apos;Matrix&apos;" Class="&apos;LED Tiles&apos;" PosX="-1.000" PosY="2.900" PosZ="4.000" RotX="  90.00" GelColor="1.0000000000,1.0000000000,1.0000000000,1.0000000000" GridInvX="" GridInvY="" GridInvZ=""/>
    <Fixture Guid="0D 49 20 00 DD B4 58 3B AC BC B0 B8 92 B0 D6 13" OldSubfixtureIndex="59" OffsetPan="None" OffsetTilt="None" Name="LED Backwall 22" Mode="9.DMXModes.Default" FID="222" Patch="4.064" Layer="&apos;Matrix&apos;" Class="&apos;LED Tiles&apos;" PosX="-1.400" PosY="2.900" PosZ="4.000" RotX="  90.00" GelColor="1.0000000000,1.0000000000,1.0000000000,1.0000000000" GridInvX="" GridInvY="" GridInvZ=""/>
    <Fixture Guid="0D 49 20 00 C1 A1 15 3C 61 3B 9B BD 92 B0 D6 13" OldSubfixtureIndex="58" OffsetPan="None" OffsetTilt="None" Name="LED Backwall 21" Mode="9.DMXModes.Default" FID="221" Patch="4.061" Layer="&apos;Matrix&apos;" Class="&apos;LED Tiles&apos;" PosX="-1.800" PosY="2.900" PosZ="4.000" RotX="  90.00" GelColor="1.0000000000,1.0000000000,1.0000000000,1.0000000000" GridInvX="" GridInvY="" GridInvZ=""/>
    <Fixture Guid="0D 49 20 00 72 D3 69 44 16 C2 83 C2 92 B0 D6 13" OldSubfixtureIndex="57" OffsetPan="None" OffsetTilt="None" Name="LED Backwall 20" Mode="9.DMXModes.Default" FID="220" Patch="4.058" Layer="&apos;Matrix&apos;" Class="&apos;LED Tiles&apos;" PosX="1.800" PosY="2.900" PosZ="4.400" RotX="  90.00" GelColor="1.0000000000,1.0000000000,1.0000000000,1.0000000000" GridInvX="" GridInvY="" GridInvZ=""/>
    <Fixture Guid="0D 49 20 00 60 67 A8 6B CB 48 6A C7 92 B0 D6 13" OldSubfixtureIndex="56" OffsetPan="None" OffsetTilt="None" Name="LED Backwall 19" Mode="9.DMXModes.Default" FID="219" Patch="4.055" Layer="&apos;Matrix&apos;" Class="&apos;LED Tiles&apos;" PosX="1.400" PosY="2.900" PosZ="4.400" RotX="  90.00" GelColor="1.0000000000,1.0000000000,1.0000000000,1.0000000000" GridInvX="" GridInvY="" GridInvZ=""/>
    <Fixture Guid="0D 49 20 00 2D 4F 11 16 80 D7 52 CC 92 B0 D6 13" OldSubfixtureIndex="55" OffsetPan="None" OffsetTilt="None" Name="LED Backwall 18" Mode="9.DMXModes.Default" FID="218" Patch="4.052" Layer="&apos;Matrix&apos;" Class="&apos;LED Tiles&apos;" PosX="1.000" PosY="2.900" PosZ="4.400" RotX="  90.00" GelColor="1.0000000000,1.0000000000,1.0000000000,1.0000000000" GridInvX="" GridInvY="" GridInvZ=""/>
    <Fixture Guid="0D 49 20 00 62 34 1F 3B 35 5E 45 D1 92 B0 D6 13" OldSubfixtureIndex="54" OffsetPan="None" OffsetTilt="None" Name="LED Backwall 17" Mode="9.DMXModes.Default" FID="217" Patch="4.049" Layer="&apos;Matrix&apos;" Class="&apos;LED Tiles&apos;" PosX="0.600" PosY="2.900" PosZ="4.400" RotX="  90.00" GelColor="1.0000000000,1.0000000000,1.0000000000,1.0000000000" GridInvX="" GridInvY="" GridInvZ=""/>
    <Fixture Guid="0D 49 20 00 4F B7 00 2A EA E4 2D D6 92 B0 D6 13" OldSubfixtureIndex="53" OffsetPan="None" OffsetTilt="None" Name="LED Backwall 16" Mode="9.DMXModes.Default" FID="216" Patch="4.046" Layer="&apos;Matrix&apos;" Class="&apos;LED Tiles&apos;" PosX="0.200" PosY="2.900" PosZ="4.400" RotX="  90.00" GelColor="1.0000000000,1.0000000000,1.0000000000,1.0000000000" GridInvX="" GridInvY="" GridInvZ=""/>
    <Fixture Guid="0D 49 20 00 4F 92 CC 5E 9F 63 14 DB 92 B0 D6 13" OldSubfixtureIndex="52" OffsetPan="None" OffsetTilt="None" Name="LED Backwall 15" Mode="9.DMXModes.Default" FID="215" Patch="4.043" Layer="&apos;Matrix&apos;" Class="&apos;LED Tiles&apos;" PosX="-0.200" PosY="2.900" PosZ="4.400" RotX="  90.00" GelColor="1.0000000000,1.0000000000,1.0000000000,1.0000000000" GridInvX="" GridInvY="" GridInvZ=""/>
    <Fixture Guid="0D 49 20 00 AB 47 A0 4E 54 EA FC DF 92 B0 D6 13" OldSubfixtureIndex="51" OffsetPan="None" OffsetTilt="None" Name="LED Backwall 14" Mode="9.DMXModes.Default" FID="214" Patch="4.040" Layer="&apos;Matrix&apos;" Class="&apos;LED Tiles&apos;" PosX="-0.600" PosY="2.900" PosZ="4.400" RotX="  90.00" GelColor="1.0000000000,1.0000000000,1.0000000000,1.0000000000" GridInvX="" GridInvY="" GridInvZ=""/>
    <Fixture Guid="0D 49 20 00 8B E8 51 53 09 71 E7 E4 91 B0 D6 13" OldSubfixtureIndex="50" OffsetPan="None" OffsetTilt="None" Name="LED Backwall 13" Mode="9.DMXModes.Default" FID="213" Patch="4.037" Layer="&apos;Matrix&apos;" Class="&apos;LED Tiles&apos;" PosX="-1.000" PosY="2.900" PosZ="4.400" RotX="  90.00" GelColor="1.0000000000,1.0000000000,1.0000000000,1.0000000000" GridInvX="" GridInvY="" GridInvZ=""/>
    <Fixture Guid="0D 49 20 00 90 87 53 23 BE FF CF E9 91 B0 D6 13" OldSubfixtureIndex="49" OffsetPan="None" OffsetTilt="None" Name="LED Backwall 12" Mode="9.DMXModes.Default" FID="212" Patch="4.034" Layer="&apos;Matrix&apos;" Class="&apos;LED Tiles&apos;" PosX="-1.400" PosY="2.900" PosZ="4.400" RotX="  90.00" GelColor="1.0000000000,1.0000000000,1.0000000000,1.0000000000" GridInvX="" GridInvY="" GridInvZ=""/>
    <Fixture Guid="0D 49 20 00 73 B7 4B 05 73 86 B6 EE 91 B0 D6 13" OldSubfixtureIndex="48" OffsetPan="None" OffsetTilt="None" Name="LED Backwall 11" Mode="9.DMXModes.Default" FID="211" Patch="4.031" Layer="&apos;Matrix&apos;" Class="&apos;LED Tiles&apos;" PosX="-1.800" PosY="2.900" PosZ="4.400" RotX="  90.00" GelColor="1.0000000000,1.0000000000,1.0000000000,1.0000000000" GridInvX="" GridInvY="" GridInvZ=""/>
    <Fixture Guid="0D 49 20 00 F1 E3 92 5B 28 0D 99 F3 91 B0 D6 13" OldSubfixtureIndex="47" OffsetPan="None" OffsetTilt="None" Name="LED Backwall 10" Mode="9.DMXModes.Default" FID="210" Patch="4.028" Layer="&apos;Matrix&apos;" Class="&apos;LED Tiles&apos;" PosX="1.800" PosY="2.900" PosZ="4.800" RotX="  90.00" GelColor="1.0000000000,1.0000000000,1.0000000000,1.0000000000" GridInvX="" GridInvY="" GridInvZ=""/>
    <Fixture Guid="0D 49 20 00 49 29 4A 6D DD 8B 81 F8 91 B0 D6 13" OldSubfixtureIndex="46" OffsetPan="None" OffsetTilt="None" Name="LED Backwall 9" Mode="9.DMXModes.Default" FID="209" Patch="4.025" Layer="&apos;Matrix&apos;" Class="&apos;LED Tiles&apos;" PosX="1.400" PosY="2.900" PosZ="4.800" RotX="  90.00" GelColor="1.0000000000,1.0000000000,1.0000000000,1.0000000000" GridInvX="" GridInvY="" GridInvZ=""/>
    <Fixture Guid="0D 49 20 00 22 B0 6F 0E 92 12 68 FD 91 B0 D6 13" OldSubfixtureIndex="45" OffsetPan="None" OffsetTilt="None" Name="LED Backwall 8" Mode="9.DMXModes.Default" FID="208" Patch="4.022" Layer="&apos;Matrix&apos;" Class="&apos;LED Tiles&apos;" PosX="1.000" PosY="2.900" PosZ="4.800" RotX="  90.00" GelColor="1.0000000000,1.0000000000,1.0000000000,1.0000000000" GridInvX="" GridInvY="" GridInvZ=""/>
    <Fixture Guid="0D 49 20 00 10 B5 7E 4D 47 99 50 02 91 B0 D6 13" OldSubfixtureIndex="44" OffsetPan="None" OffsetTilt="None" Name="LED Backwall 7" Mode="9.DMXModes.Default" FID="207" Patch="4.019" Layer="&apos;Matrix&apos;" Class="&apos;LED Tiles&apos;" PosX="0.600" PosY="2.900" PosZ="4.800" RotX="  90.00" GelColor="1.0000000000,1.0000000000,1.0000000000,1.0000000000" GridInvX="" GridInvY="" GridInvZ=""/>
    <Fixture Guid="0D 49 20 00 3E B2 DB 4B FC 27 3B 07 91 B0 D6 13" OldSubfixtureIndex="43" OffsetPan="None" OffsetTilt="None" Name="LED Backwall 6" Mode="9.DMXModes.Default" FID="206" Patch="4.016" Layer="&apos;Matrix&apos;" Class="&apos;LED Tiles&apos;" PosX="0.200" PosY="2.900" PosZ="4.800" RotX="  90.00" GelColor="1.0000000000,1.0000000000,1.0000000000,1.0000000000" GridInvX="" GridInvY="" GridInvZ=""/>
    <Fixture Guid="0D 49 20 00 9A 10 2C 76 B1 AE 23 0C 91 B0 D6 13" OldSubfixtureIndex="42" OffsetPan="None" OffsetTilt="None" Name="LED Backwall 5" Mode="9.DMXModes.Default" FID="205" Patch="4.013" Layer="&apos;Matrix&apos;" Class="&apos;LED Tiles&apos;" PosX="-0.200" PosY="2.900" PosZ="4.800" RotX="  90.00" GelColor="1.0000000000,1.0000000000,1.0000000000,1.0000000000" GridInvX="" GridInvY="" GridInvZ=""/>
    <Fixture Guid="0D 49 20 00 BA 7D 8F 4C 66 35 0A 11 91 B0 D6 13" OldSubfixtureIndex="41" OffsetPan="None" OffsetTilt="None" Name="LED Backwall 4" Mode="9.DMXModes.Default" FID="204" Patch="4.010" Layer="&apos;Matrix&apos;" Class="&apos;LED Tiles&apos;" PosX="-0.600" PosY="2.900" PosZ="4.800" RotX="  90.00" GelColor="1.0000000000,1.0000000000,1.0000000000,1.0000000000" GridInvX="" GridInvY="" GridInvZ=""/>
    <Fixture Guid="0D 49 20 00 98 E9 05 4A 1B BC F2 15 91 B0 D6 13" OldSubfixtureIndex="40" OffsetPan="None" OffsetTilt="None" Name="LED Backwall 3" Mode="9.DMXModes.Default" FID="203" Patch="4.007" Layer="&apos;Matrix&apos;" Class="&apos;LED Tiles&apos;" PosX="-1.000" PosY="2.900" PosZ="4.800" RotX="  90.00" GelColor="1.0000000000,1.0000000000,1.0000000000,1.0000000000" GridInvX="" GridInvY="" GridInvZ=""/>
    <Fixture Guid="0D 49 20 00 96 91 EE 36 D0 3A E5 1A 91 B0 D6 13" OldSubfixtureIndex="39" OffsetPan="None" OffsetTilt="None" Name="LED Backwall 2" Mode="9.DMXModes.Default" FID="202" Patch="4.004" Layer="&apos;Matrix&apos;" Class="&apos;LED Tiles&apos;" PosX="-1.400" PosY="2.900" PosZ="4.800" RotX="  90.00" GelColor="1.0000000000,1.0000000000,1.0000000000,1.0000000000" GridInvX="" GridInvY="" GridInvZ=""/>
    <Fixture Guid="0D 49 20 00 AE 83 1F 4F 85 C1 CD 1F 91 B0 D6 13" OldSubfixtureIndex="38" OffsetPan="None" OffsetTilt="None" Name="LED Backwall 1" Mode="9.DMXModes.Default" FID="201" Patch="4.001" Layer="&apos;Matrix&apos;" Class="&apos;LED Tiles&apos;" PosX="-1.800" PosY="2.900" PosZ="4.800" RotX="  90.00" GelColor="1.0000000000,1.0000000000,1.0000000000,1.0000000000" GridInvX="" GridInvY="" GridInvZ=""/>
    <Fixture Guid="0D 49 20 00 6D B7 13 7B 3A 48 B4 24 90 B0 D6 13" OldSubfixtureIndex="37" OffsetPan="None" OffsetTilt="None" Name="LED Backwall" Mode="11.DMXModes.Default" GelColor="1.0000000000,1.0000000000,1.0000000000,1.0000000000" ShadowQuality="" CastShadow="Yes" GridInvX="" GridInvY="" GridInvZ="">
        <Fixture Guid="0D 49 20 00 AE 83 1F 4F 85 C1 CD 1F 91 B0 D6 13" OldSubfixtureIndex="38" OffsetPan="None" OffsetTilt="None" Name="LED Backwall 1" Mode="9.DMXModes.Default" FID="201" Patch="4.001" Layer="&apos;Matrix&apos;" Class="&apos;LED Tiles&apos;" PosX="-1.800" PosY="2.900" PosZ="4.800" RotX="  90.00" GelColor="1.0000000000,1.0000000000,1.0000000000,1.0000000000" GridInvX="" GridInvY="" GridInvZ=""/>
        <Fixture Guid="0D 49 20 00 96 91 EE 36 D0 3A E5 1A 91 B0 D6 13" OldSubfixtureIndex="39" OffsetPan="None" OffsetTilt="None" Name="LED Backwall 2" Mode="9.DMXModes.Default" FID="202" Patch="4.004" Layer="&apos;Matrix&apos;" Class="&apos;LED Tiles&apos;" PosX="-1.400" PosY="2.900" PosZ="4.800" RotX="  90.00" GelColor="1.0000000000,1.0000000000,1.0000000000,1.0000000000" GridInvX="" GridInvY="" GridInvZ=""/>
        <Fixture Guid="0D 49 20 00 98 E9 05 4A 1B BC F2 15 91 B0 D6 13" OldSubfixtureIndex="40" OffsetPan="None" OffsetTilt="None" Name="LED Backwall 3" Mode="9.DMXModes.Default" FID="203" Patch="4.007" Layer="&apos;Matrix&apos;" Class="&apos;LED Tiles&apos;" PosX="-1.000" PosY="2.900" PosZ="4.800" RotX="  90.00" GelColor="1.0000000000,1.0000000000,1.0000000000,1.0000000000" GridInvX="" GridInvY="" GridInvZ=""/>
        <Fixture Guid="0D 49 20 00 BA 7D 8F 4C 66 35 0A 11 91 B0 D6 13" OldSubfixtureIndex="41" OffsetPan="None" OffsetTilt="None" Name="LED Backwall 4" Mode="9.DMXModes.Default" FID="204" Patch="4.010" Layer="&apos;Matrix&apos;" Class="&apos;LED Tiles&apos;" PosX="-0.600" PosY="2.900" PosZ="4.800" RotX="  90.00" GelColor="1.0000000000,1.0000000000,1.0000000000,1.0000000000" GridInvX="" GridInvY="" GridInvZ=""/>
        <Fixture Guid="0D 49 20 00 9A 10 2C 76 B1 AE 23 0C 91 B0 D6 13" OldSubfixtureIndex="42" OffsetPan="None" OffsetTilt="None" Name="LED Backwall 5" Mode="9.DMXModes.Default" FID="205" Patch="4.013" Layer="&apos;Matrix&apos;" Class="&apos;LED Tiles&apos;" PosX="-0.200" PosY="2.900" PosZ="4.800" RotX="  90.00" GelColor="1.0000000000,1.0000000000,1.0000000000,1.0000000000" GridInvX="" GridInvY="" GridInvZ=""/>
        <Fixture Guid="0D 49 20 00 3E B2 DB 4B FC 27 3B 07 91 B0 D6 13" OldSubfixtureIndex="43" OffsetPan="None" OffsetTilt="None" Name="LED Backwall 6" Mode="9.DMXModes.Default" FID="206" Patch="4.016" Layer="&apos;Matrix&apos;" Class="&apos;LED Tiles&apos;" PosX="0.200" PosY="2.900" PosZ="4.800" RotX="  90.00" GelColor="1.0000000000,1.0000000000,1.0000000000,1.0000000000" GridInvX="" GridInvY="" GridInvZ=""/>
        <Fixture Guid="0D 49 20 00 10 B5 7E 4D 47 99 50 02 91 B0 D6 13" OldSubfixtureIndex="44" OffsetPan="None" OffsetTilt="None" Name="LED Backwall 7" Mode="9.DMXModes.Default" FID="207" Patch="4.019" Layer="&apos;Matrix&apos;" Class="&apos;LED Tiles&apos;" PosX="0.600" PosY="2.900" PosZ="4.800" RotX="  90.00" GelColor="1.0000000000,1.0000000000,1.0000000000,1.0000000000" GridInvX="" GridInvY="" GridInvZ=""/>
        <Fixture Guid="0D 49 20 00 22 B0 6F 0E 92 12 68 FD 91 B0 D6 13" OldSubfixtureIndex="45" OffsetPan="None" OffsetTilt="None" Name="LED Backwall 8" Mode="9.DMXModes.Default" FID="208" Patch="4.022" Layer="&apos;Matrix&apos;" Class="&apos;LED Tiles&apos;" PosX="1.000" PosY="2.900" PosZ="4.800" RotX="  90.00" GelColor="1.0000000000,1.0000000000,1.0000000000,1.0000000000" GridInvX="" GridInvY="" GridInvZ=""/>
        <Fixture Guid="0D 49 20 00 49 29 4A 6D DD 8B 81 F8 91 B0 D6 13" OldSubfixtureIndex="46" OffsetPan="None" OffsetTilt="None" Name="LED Backwall 9" Mode="9.DMXModes.Default" FID="209" Patch="4.025" Layer="&apos;Matrix&apos;" Class="&apos;LED Tiles&apos;" PosX="1.400" PosY="2.900" PosZ="4.800" RotX="  90.00" GelColor="1.0000000000,1.0000000000,1.0000000000,1.0000000000" GridInvX="" GridInvY="" GridInvZ=""/>
        <Fixture Guid="0D 49 20 00 F1 E3 92 5B 28 0D 99 F3 91 B0 D6 13" OldSubfixtureIndex="47" OffsetPan="None" OffsetTilt="None" Name="LED Backwall 10" Mode="9.DMXModes.Default" FID="210" Patch="4.028" Layer="&apos;Matrix&apos;" Class="&apos;LED Tiles&apos;" PosX="1.800" PosY="2.900" PosZ="4.800" RotX="  90.00" GelColor="1.0000000000,1.0000000000,1.0000000000,1.0000000000" GridInvX="" GridInvY="" GridInvZ=""/>
        <Fixture Guid="0D 49 20 00 73 B7 4B 05 73 86 B6 EE 91 B0 D6 13" OldSubfixtureIndex="48" OffsetPan="None" OffsetTilt="None" Name="LED Backwall 11" Mode="9.DMXModes.Default" FID="211" Patch="4.031" Layer="&apos;Matrix&apos;" Class="&apos;LED Tiles&apos;" PosX="-1.800" PosY="2.900" PosZ="4.400" RotX="  90.00" GelColor="1.0000000000,1.0000000000,1.0000000000,1.0000000000" GridInvX="" GridInvY="" GridInvZ=""/>
        <Fixture Guid="0D 49 20 00 90 87 53 23 BE FF CF E9 91 B0 D6 13" OldSubfixtureIndex="49" OffsetPan="None" OffsetTilt="None" Name="LED Backwall 12" Mode="9.DMXModes.Default" FID="212" Patch="4.034" Layer="&apos;Matrix&apos;" Class="&apos;LED Tiles&apos;" PosX="-1.400" PosY="2.900" PosZ="4.400" RotX="  90.00" GelColor="1.0000000000,1.0000000000,1.0000000000,1.0000000000" GridInvX="" GridInvY="" GridInvZ=""/>
        <Fixture Guid="0D 49 20 00 8B E8 51 53 09 71 E7 E4 91 B0 D6 13" OldSubfixtureIndex="50" OffsetPan="None" OffsetTilt="None" Name="LED Backwall 13" Mode="9.DMXModes.Default" FID="213" Patch="4.037" Layer="&apos;Matrix&apos;" Class="&apos;LED Tiles&apos;" PosX="-1.000" PosY="2.900" PosZ="4.400" RotX="  90.00" GelColor="1.0000000000,1.0000000000,1.0000000000,1.0000000000" GridInvX="" GridInvY="" GridInvZ=""/>
        <Fixture Guid="0D 49 20 00 AB 47 A0 4E 54 EA FC DF 92 B0 D6 13" OldSubfixtureIndex="51" OffsetPan="None" OffsetTilt="None" Name="LED Backwall 14" Mode="9.DMXModes.Default" FID="214" Patch="4.040" Layer="&apos;Matrix&apos;" Class="&apos;LED Tiles&apos;" PosX="-0.600" PosY="2.900" PosZ="4.400" RotX="  90.00" GelColor="1.0000000000,1.0000000000,1.0000000000,1.0000000000" GridInvX="" GridInvY="" GridInvZ=""/>
        <Fixture Guid="0D 49 20 00 4F 92 CC 5E 9F 63 14 DB 92 B0 D6 13" OldSubfixtureIndex="52" OffsetPan="None" OffsetTilt="None" Name="LED Backwall 15" Mode="9.DMXModes.Default" FID="215" Patch="4.043" Layer="&apos;Matrix&apos;" Class="&apos;LED Tiles&apos;" PosX="-0.200" PosY="2.900" PosZ="4.400" RotX="  90.00" GelColor="1.0000000000,1.0000000000,1.0000000000,1.0000000000" GridInvX="" GridInvY="" GridInvZ=""/>
        <Fixture Guid="0D 49 20 00 4F B7 00 2A EA E4 2D D6 92 B0 D6 13" OldSubfixtureIndex="53" OffsetPan="None" OffsetTilt="None" Name="LED Backwall 16" Mode="9.DMXModes.Default" FID="216" Patch="4.046" Layer="&apos;Matrix&apos;" Class="&apos;LED Tiles&apos;" PosX="0.200" PosY="2.900" PosZ="4.400" RotX="  90.00" GelColor="1.0000000000,1.0000000000,1.0000000000,1.0000000000" GridInvX="" GridInvY="" GridInvZ=""/>
        <Fixture Guid="0D 49 20 00 62 34 1F 3B 35 5E 45 D1 92 B0 D6 13" OldSubfixtureIndex="54" OffsetPan="None" OffsetTilt="None" Name="LED Backwall 17" Mode="9.DMXModes.Default" FID="217" Patch="4.049" Layer="&apos;Matrix&apos;" Class="&apos;LED Tiles&apos;" PosX="0.600" PosY="2.900" PosZ="4.400" RotX="  90.00" GelColor="1.0000000000,1.0000000000,1.0000000000,1.0000000000" GridInvX="" GridInvY="" GridInvZ=""/>
        <Fixture Guid="0D 49 20 00 2D 4F 11 16 80 D7 52 CC 92 B0 D6 13" OldSubfixtureIndex="55" OffsetPan="None" OffsetTilt="None" Name="LED Backwall 18" Mode="9.DMXModes.Default" FID="218" Patch="4.052" Layer="&apos;Matrix&apos;" Class="&apos;LED Tiles&apos;" PosX="1.000" PosY="2.900" PosZ="4.400" RotX="  90.00" GelColor="1.0000000000,1.0000000000,1.0000000000,1.0000000000" GridInvX="" GridInvY="" GridInvZ=""/>
        <Fixture Guid="0D 49 20 00 60 67 A8 6B CB 48 6A C7 92 B0 D6 13" OldSubfixtureIndex="56" OffsetPan="None" OffsetTilt="None" Name="LED Backwall 19" Mode="9.DMXModes.Default" FID="219" Patch="4.055" Layer="&apos;Matrix&apos;" Class="&apos;LED Tiles&apos;" PosX="1.400" PosY="2.900" PosZ="4.400" RotX="  90.00" GelColor="1.0000000000,1.0000000000,1.0000000000,1.0000000000" GridInvX="" GridInvY="" GridInvZ=""/>
        <Fixture Guid="0D 49 20 00 72 D3 69 44 16 C2 83 C2 92 B0 D6 13" OldSubfixtureIndex="57" OffsetPan="None" OffsetTilt="None" Name="LED Backwall 20" Mode="9.DMXModes.Default" FID="220" Patch="4.058" Layer="&apos;Matrix&apos;" Class="&apos;LED Tiles&apos;" PosX="1.800" PosY="2.900" PosZ="4.400" RotX="  90.00" GelColor="1.0000000000,1.0000000000,1.0000000000,1.0000000000" GridInvX="" GridInvY="" GridInvZ=""/>
        <Fixture Guid="0D 49 20 00 C1 A1 15 3C 61 3B 9B BD 92 B0 D6 13" OldSubfixtureIndex="58" OffsetPan="None" OffsetTilt="None" Name="LED Backwall 21" Mode="9.DMXModes.Default" FID="221" Patch="4.061" Layer="&apos;Matrix&apos;" Class="&apos;LED Tiles&apos;" PosX="-1.800" PosY="2.900" PosZ="4.000" RotX="  90.00" GelColor="1.0000000000,1.0000000000,1.0000000000,1.0000000000" GridInvX="" GridInvY="" GridInvZ=""/>
        <Fixture Guid="0D 49 20 00 DD B4 58 3B AC BC B0 B8 92 B0 D6 13" OldSubfixtureIndex="59" OffsetPan="None" OffsetTilt="None" Name="LED Backwall 22" Mode="9.DMXModes.Default" FID="222" Patch="4.064" Layer="&apos;Matrix&apos;" Class="&apos;LED Tiles&apos;" PosX="-1.400" PosY="2.900" PosZ="4.000" RotX="  90.00" GelColor="1.0000000000,1.0000000000,1.0000000000,1.0000000000" GridInvX="" GridInvY="" GridInvZ=""/>
        <Fixture Guid="0D 49 20 00 2F FB 5B 1F F7 35 C8 B3 92 B0 D6 13" OldSubfixtureIndex="60" OffsetPan="None" OffsetTilt="None" Name="LED Backwall 23" Mode="9.DMXModes.Default" FID="223" Patch="4.067" Layer="&apos;Matrix&apos;" Class="&apos;LED Tiles&apos;" PosX="-1.000" PosY="2.900" PosZ="4.000" RotX="  90.00" GelColor="1.0000000000,1.0000000000,1.0000000000,1.0000000000" GridInvX="" GridInvY="" GridInvZ=""/>
        <Fixture Guid="0D 49 20 00 59 18 9C 19 42 AF E1 AE 92 B0 D6 13" OldSubfixtureIndex="61" OffsetPan="None" OffsetTilt="None" Name="LED Backwall 24" Mode="9.DMXModes.Default" FID="224" Patch="4.070" Layer="&apos;Matrix&apos;" Class="&apos;LED Tiles&apos;" PosX="-0.600" PosY="2.900" PosZ="4.000" RotX="  90.00" GelColor="1.0000000000,1.0000000000,1.0000000000,1.0000000000" GridInvX="" GridInvY="" GridInvZ=""/>
        <Fixture Guid="0D 49 20 00 06 20 35 2E 8D 20 F9 A9 92 B0 D6 13" OldSubfixtureIndex="62" OffsetPan="None" OffsetTilt="None" Name="LED Backwall 25" Mode="9.DMXModes.Default" FID="225" Patch="4.073" Layer="&apos;Matrix&apos;" Class="&apos;LED Tiles&apos;" PosX="-0.200" PosY="2.900" PosZ="4.000" RotX="  90.00" GelColor="1.0000000000,1.0000000000,1.0000000000,1.0000000000" GridInvX="" GridInvY="" GridInvZ=""/>
        <Fixture Guid="0D 49 20 00 E9 88 0F 12 D8 99 16 A5 92 B0 D6 13" OldSubfixtureIndex="63" OffsetPan="None" OffsetTilt="None" Name="LED Backwall 26" Mode="9.DMXModes.Default" FID="226" Patch="4.076" Layer="&apos;Matrix&apos;" Class="&apos;LED Tiles&apos;" PosX="0.200" PosY="2.900" PosZ="4.000" RotX="  90.00" GelColor="1.0000000000,1.0000000000,1.0000000000,1.0000000000" GridInvX="" GridInvY="" GridInvZ=""/>
        <Fixture Guid="0D 49 20 00 34 63 F7 15 23 13 2E A0 92 B0 D6 13" OldSubfixtureIndex="64" OffsetPan="None" OffsetTilt="None" Name="LED Backwall 27" Mode="9.DMXModes.Default" FID="227" Patch="4.079" Layer="&apos;Matrix&apos;" Class="&apos;LED Tiles&apos;" PosX="0.600" PosY="2.900" PosZ="4.000" RotX="  90.00" GelColor="1.0000000000,1.0000000000,1.0000000000,1.0000000000" GridInvX="" GridInvY="" GridInvZ=""/>
        <Fixture Guid="0D 49 20 00 5A 04 39 65 6E 94 47 9B 92 B0 D6 13" OldSubfixtureIndex="65" OffsetPan="None" OffsetTilt="None" Name="LED Backwall 28" Mode="9.DMXModes.Default" FID="228" Patch="4.082" Layer="&apos;Matrix&apos;" Class="&apos;LED Tiles&apos;" PosX="1.000" PosY="2.900" PosZ="4.000" RotX="  90.00" GelColor="1.0000000000,1.0000000000,1.0000000000,1.0000000000" GridInvX="" GridInvY="" GridInvZ=""/>
        <Fixture Guid="0D 49 20 00 28 90 CA 79 B9 0D 5F 96 92 B0 D6 13" OldSubfixtureIndex="66" OffsetPan="None" OffsetTilt="None" Name="LED Backwall 29" Mode="9.DMXModes.Default" FID="229" Patch="4.085" Layer="&apos;Matrix&apos;" Class="&apos;LED Tiles&apos;" PosX="1.400" PosY="2.900" PosZ="4.000" RotX="  90.00" GelColor="1.0000000000,1.0000000000,1.0000000000,1.0000000000" GridInvX="" GridInvY="" GridInvZ=""/>
        <Fixture Guid="0D 49 20 00 8D AA C7 3C 04 87 74 91 93 B0 D6 13" OldSubfixtureIndex="67" OffsetPan="None" OffsetTilt="None" Name="LED Backwall 30" Mode="9.DMXModes.Default" FID="230" Patch="4.088" Layer="&apos;Matrix&apos;" Class="&apos;LED Tiles&apos;" PosX="1.800" PosY="2.900" PosZ="4.000" RotX="  90.00" GelColor="1.0000000000,1.0000000000,1.0000000000,1.0000000000" GridInvX="" GridInvY="" GridInvZ=""/>
        <Fixture Guid="0D 49 20 00 67 B7 3D 66 4F F8 8D 8C 93 B0 D6 13" OldSubfixtureIndex="68" OffsetPan="None" OffsetTilt="None" Name="LED Backwall 31" Mode="9.DMXModes.Default" FID="231" Patch="4.091" Layer="&apos;Matrix&apos;" Class="&apos;LED Tiles&apos;" PosX="-1.800" PosY="2.900" PosZ="3.600" RotX="  90.00" GelColor="1.0000000000,1.0000000000,1.0000000000,1.0000000000" GridInvX="" GridInvY="" GridInvZ=""/>
        <Fixture Guid="0D 49 20 00 36 18 F9 4E 9A 71 A5 87 93 B0 D6 13" OldSubfixtureIndex="69" OffsetPan="None" OffsetTilt="None" Name="LED Backwall 32" Mode="9.DMXModes.Default" FID="232" Patch="4.094" Layer="&apos;Matrix&apos;" Class="&apos;LED Tiles&apos;" PosX="-1.400" PosY="2.900" PosZ="3.600" RotX="  90.00" GelColor="1.0000000000,1.0000000000,1.0000000000,1.0000000000" GridInvX="" GridInvY="" GridInvZ=""/>
        <Fixture Guid="0D 49 20 00 C4 40 C5 6D E5 EA B2 82 93 B0 D6 13" OldSubfixtureIndex="70" OffsetPan="None" OffsetTilt="None" Name="LED Backwall 33" Mode="9.DMXModes.Default" FID="233" Patch="4.097" Layer="&apos;Matrix&apos;" Class="&apos;LED Tiles&apos;" PosX="-1.000" PosY="2.900" PosZ="3.600" RotX="  90.00" GelColor="1.0000000000,1.0000000000,1.0000000000,1.0000000000" GridInvX="" GridInvY="" GridInvZ=""/>
        <Fixture Guid="0D 49 20 00 5F A5 52 2A 30 6C CA 7D 92 B0 D6 13" OldSubfixtureIndex="71" OffsetPan="None" OffsetTilt="None" Name="LED Backwall 34" Mode="9.DMXModes.Default" FID="234" Patch="4.100" Layer="&apos;Matrix&apos;" Class="&apos;LED Tiles&apos;" PosX="-0.600" PosY="2.900" PosZ="3.600" RotX="  90.00" GelColor="1.0000000000,1.0000000000,1.0000000000,1.0000000000" GridInvX="" GridInvY="" GridInvZ=""/>
        <Fixture Guid="0D 49 20 00 11 92 99 15 7B E5 E3 78 92 B0 D6 13" OldSubfixtureIndex="72" OffsetPan="None" OffsetTilt="None" Name="LED Backwall 35" Mode="9.DMXModes.Default" FID="235" Patch="4.103" Layer="&apos;Matrix&apos;" Class="&apos;LED Tiles&apos;" PosX="-0.200" PosY="2.900" PosZ="3.600" RotX="  90.00" GelColor="1.0000000000,1.0000000000,1.0000000000,1.0000000000" GridInvX="" GridInvY="" GridInvZ=""/>
        <Fixture Guid="0D 49 20 00 3E 5D 02 5A C6 5E FB 73 92 B0 D6 13" OldSubfixtureIndex="73" OffsetPan="None" OffsetTilt="None" Name="LED Backwall 36" Mode="9.DMXModes.Default" FID="236" Patch="4.106" Layer="&apos;Matrix&apos;" Class="&apos;LED Tiles&apos;" PosX="0.200" PosY="2.900" PosZ="3.600" RotX="  90.00" GelColor="1.0000000000,1.0000000000,1.0000000000,1.0000000000" GridInvX="" GridInvY="" GridInvZ=""/>
        <Fixture Guid="0D 49 20 00 3E 53 1D 7C 11 D0 10 6F 92 B0 D6 13" OldSubfixtureIndex="74" OffsetPan="None" OffsetTilt="None" Name="LED Backwall 37" Mode="9.DMXModes.Default" FID="237" Patch="4.109" Layer="&apos;Matrix&apos;" Class="&apos;LED Tiles&apos;" PosX="0.600" PosY="2.900" PosZ="3.600" RotX="  90.00" GelColor="1.0000000000,1.0000000000,1.0000000000,1.0000000000" GridInvX="" GridInvY="" GridInvZ=""/>
        <Fixture Guid="0D 49 20 00 C1 43 E7 58 5C 49 28 6A 92 B0 D6 13" OldSubfixtureIndex="75" OffsetPan="None" OffsetTilt="None" Name="LED Backwall 38" Mode="9.DMXModes.Default" FID="238" Patch="4.112" Layer="&apos;Matrix&apos;" Class="&apos;LED Tiles&apos;" PosX="1.000" PosY="2.900" PosZ="3.600" RotX="  90.00" GelColor="1.0000000000,1.0000000000,1.0000000000,1.0000000000" GridInvX="" GridInvY="" GridInvZ=""/>
        <Fixture Guid="0D 49 20 00 80 09 81 62 A7 C2 41 65 92 B0 D6 13" OldSubfixtureIndex="76" OffsetPan="None" OffsetTilt="None" Name="LED Backwall 39" Mode="9.DMXModes.Default" FID="239" Patch="4.115" Layer="&apos;Matrix&apos;" Class="&apos;LED Tiles&apos;" PosX="1.400" PosY="2.900" PosZ="3.600" RotX="  90.00" GelColor="1.0000000000,1.0000000000,1.0000000000,1.0000000000" GridInvX="" GridInvY="" GridInvZ=""/>
        <Fixture Guid="0D 49 20 00 27 80 78 63 F2 3B 59 60 92 B0 D6 13" OldSubfixtureIndex="77" OffsetPan="None" OffsetTilt="None" Name="LED Backwall 40" Mode="9.DMXModes.Default" FID="240" Patch="4.118" Layer="&apos;Matrix&apos;" Class="&apos;LED Tiles&apos;" PosX="1.800" PosY="2.900" PosZ="3.600" RotX="  90.00" GelColor="1.0000000000,1.0000000000,1.0000000000,1.0000000000" GridInvX="" GridInvY="" GridInvZ=""/>
        <Fixture Guid="0D 49 20 00 13 2B 69 3A 3D BD 76 5B 92 B0 D6 13" OldSubfixtureIndex="78" OffsetPan="None" OffsetTilt="None" Name="LED Backwall 41" Mode="9.DMXModes.Default" FID="241" Patch="4.121" Layer="&apos;Matrix&apos;" Class="&apos;LED Tiles&apos;" PosX="-1.800" PosY="2.900" PosZ="3.200" RotX="  90.00" GelColor="1.0000000000,1.0000000000,1.0000000000,1.0000000000" GridInvX="" GridInvY="" GridInvZ=""/>
        <Fixture Guid="0D 49 20 00 53 C5 FD 61 88 36 8E 56 92 B0 D6 13" OldSubfixtureIndex="79" OffsetPan="None" OffsetTilt="None" Name="LED Backwall 42" Mode="9.DMXModes.Default" FID="242" Patch="4.124" Layer="&apos;Matrix&apos;" Class="&apos;LED Tiles&apos;" PosX="-1.400" PosY="2.900" PosZ="3.200" RotX="  90.00" GelColor="1.0000000000,1.0000000000,1.0000000000,1.0000000000" GridInvX="" GridInvY="" GridInvZ=""/>
        <Fixture Guid="0D 49 20 00 18 0C BB 0C D3 AF A7 51 92 B0 D6 13" OldSubfixtureIndex="80" OffsetPan="None" OffsetTilt="None" Name="LED Backwall 43" Mode="9.DMXModes.Default" FID="243" Patch="4.127" Layer="&apos;Matrix&apos;" Class="&apos;LED Tiles&apos;" PosX="-1.000" PosY="2.900" PosZ="3.200" RotX="  90.00" GelColor="1.0000000000,1.0000000000,1.0000000000,1.0000000000" GridInvX="" GridInvY="" GridInvZ=""/>
        <Fixture Guid="0D 49 20 00 7E 18 AA 17 1E 21 BF 4C 92 B0 D6 13" OldSubfixtureIndex="81" OffsetPan="None" OffsetTilt="None" Name="LED Backwall 44" Mode="9.DMXModes.Default" FID="244" Patch="4.130" Layer="&apos;Matrix&apos;" Class="&apos;LED Tiles&apos;" PosX="-0.600" PosY="2.900" PosZ="3.200" RotX="  90.00" GelColor="1.0000000000,1.0000000000,1.0000000000,1.0000000000" GridInvX="" GridInvY="" GridInvZ=""/>
        <Fixture Guid="0D 49 20 00 5E 01 8D 36 69 9A D4 47 8D B0 D6 13" OldSubfixtureIndex="82" OffsetPan="None" OffsetTilt="None" Name="LED Backwall 45" Mode="9.DMXModes.Default" FID="245" Patch="4.133" Layer="&apos;Matrix&apos;" Class="&apos;LED Tiles&apos;" PosX="-0.200" PosY="2.900" PosZ="3.200" RotX="  90.00" GelColor="1.0000000000,1.0000000000,1.0000000000,1.0000000000" GridInvX="" GridInvY="" GridInvZ=""/>
        <Fixture Guid="0D 49 20 00 07 9A 98 65 B4 13 EC 42 8D B0 D6 13" OldSubfixtureIndex="83" OffsetPan="None" OffsetTilt="None" Name="LED Backwall 46" Mode="9.DMXModes.Default" FID="246" Patch="4.136" Layer="&apos;Matrix&apos;" Class="&apos;LED Tiles&apos;" PosX="0.200" PosY="2.900" PosZ="3.200" RotX="  90.00" GelColor="1.0000000000,1.0000000000,1.0000000000,1.0000000000" GridInvX="" GridInvY="" GridInvZ=""/>
        <Fixture Guid="0D 49 20 00 6D CB DB 3B FF 94 05 3E 8D B0 D6 13" OldSubfixtureIndex="84" OffsetPan="None" OffsetTilt="None" Name="LED Backwall 47" Mode="9.DMXModes.Default" FID="247" Patch="4.139" Layer="&apos;Matrix&apos;" Class="&apos;LED Tiles&apos;" PosX="0.600" PosY="2.900" PosZ="3.200" RotX="  90.00" GelColor="1.0000000000,1.0000000000,1.0000000000,1.0000000000" GridInvX="" GridInvY="" GridInvZ=""/>
        <Fixture Guid="0D 49 20 00 61 31 BD 6B 4A 0E 1D 39 8D B0 D6 13" OldSubfixtureIndex="85" OffsetPan="None" OffsetTilt="None" Name="LED Backwall 48" Mode="9.DMXModes.Default" FID="248" Patch="4.142" Layer="&apos;Matrix&apos;" Class="&apos;LED Tiles&apos;" PosX="1.000" PosY="2.900" PosZ="3.200" RotX="  90.00" GelColor="1.0000000000,1.0000000000,1.0000000000,1.0000000000" GridInvX="" GridInvY="" GridInvZ=""/>
        <Fixture Guid="0D 49 20 00 94 ED 9A 75 95 87 2A 34 8D B0 D6 13" OldSubfixtureIndex="86" OffsetPan="None" OffsetTilt="None" Name="LED Backwall 49" Mode="9.DMXModes.Default" FID="249" Patch="4.145" Layer="&apos;Matrix&apos;" Class="&apos;LED Tiles&apos;" PosX="1.400" PosY="2.900" PosZ="3.200" RotX="  90.00" GelColor="1.0000000000,1.0000000000,1.0000000000,1.0000000000" GridInvX="" GridInvY="" GridInvZ=""/>
        <Fixture Guid="0D 49 20 00 2D 36 93 2D E0 F8 43 2F 8D B0 D6 13" OldSubfixtureIndex="87" OffsetPan="None" OffsetTilt="None" Name="LED Backwall 50" Mode="9.DMXModes.Default" FID="250" Patch="4.148" Layer="&apos;Matrix&apos;" Class="&apos;LED Tiles&apos;" PosX="1.800" PosY="2.900" PosZ="3.200" RotX="  90.00" GelColor="1.0000000000,1.0000000000,1.0000000000,1.0000000000" GridInvX="" GridInvY="" GridInvZ=""/>
        <Fixture Guid="0D 49 20 00 33 08 36 36 2B 72 5B 2A 8D B0 D6 13" OldSubfixtureIndex="88" OffsetPan="None" OffsetTilt="None" Name="LED Backwall 51" Mode="9.DMXModes.Default" FID="251" Patch="4.151" Layer="&apos;Matrix&apos;" Class="&apos;LED Tiles&apos;" PosX="-1.800" PosY="2.900" PosZ="2.800" RotX="  90.00" GelColor="1.0000000000,1.0000000000,1.0000000000,1.0000000000" GridInvX="" GridInvY="" GridInvZ=""/>
        <Fixture Guid="0D 49 20 00 36 8B 9F 2B 76 EB 70 25 8D B0 D6 13" OldSubfixtureIndex="89" OffsetPan="None" OffsetTilt="None" Name="LED Backwall 52" Mode="9.DMXModes.Default" FID="252" Patch="4.154" Layer="&apos;Matrix&apos;" Class="&apos;LED Tiles&apos;" PosX="-1.400" PosY="2.900" PosZ="2.800" RotX="  90.00" GelColor="1.0000000000,1.0000000000,1.0000000000,1.0000000000" GridInvX="" GridInvY="" GridInvZ=""/>
        <Fixture Guid="0D 49 20 00 AA E6 DC 6E C1 6C 88 20 8D B0 D6 13" OldSubfixtureIndex="90" OffsetPan="None" OffsetTilt="None" Name="LED Backwall 53" Mode="9.DMXModes.Default" FID="253" Patch="4.157" Layer="&apos;Matrix&apos;" Class="&apos;LED Tiles&apos;" PosX="-1.000" PosY="2.900" PosZ="2.800" RotX="  90.00" GelColor="1.0000000000,1.0000000000,1.0000000000,1.0000000000" GridInvX="" GridInvY="" GridInvZ=""/>
        <Fixture Guid="0D 49 20 00 83 0F 61 4F 0C E6 A1 1B 8D B0 D6 13" OldSubfixtureIndex="91" OffsetPan="None" OffsetTilt="None" Name="LED Backwall 54" Mode="9.DMXModes.Default" FID="254" Patch="4.160" Layer="&apos;Matrix&apos;" Class="&apos;LED Tiles&apos;" PosX="-0.600" PosY="2.900" PosZ="2.800" RotX="  90.00" GelColor="1.0000000000,1.0000000000,1.0000000000,1.0000000000" GridInvX="" GridInvY="" GridInvZ=""/>
        <Fixture Guid="0D 49 20 00 2F AF 0C 4B 57 5F B9 16 8D B0 D6 13" OldSubfixtureIndex="92" OffsetPan="None" OffsetTilt="None" Name="LED Backwall 55" Mode="9.DMXModes.Default" FID="255" Patch="4.163" Layer="&apos;Matrix&apos;" Class="&apos;LED Tiles&apos;" PosX="-0.200" PosY="2.900" PosZ="2.800" RotX="  90.00" GelColor="1.0000000000,1.0000000000,1.0000000000,1.0000000000" GridInvX="" GridInvY="" GridInvZ=""/>
        <Fixture Guid="0D 49 20 00 10 03 E1 16 A2 D0 D6 11 8D B0 D6 13" OldSubfixtureIndex="93" OffsetPan="None" OffsetTilt="None" Name="LED Backwall 56" Mode="9.DMXModes.Default" FID="256" Patch="4.166" Layer="&apos;Matrix&apos;" Class="&apos;LED Tiles&apos;" PosX="0.200" PosY="2.900" PosZ="2.800" RotX="  90.00" GelColor="1.0000000000,1.0000000000,1.0000000000,1.0000000000" GridInvX="" GridInvY="" GridInvZ=""/>
        <Fixture Guid="0D 49 20 00 CC 9C 81 5B ED 49 EE 0C 8D B0 D6 13" OldSubfixtureIndex="94" OffsetPan="None" OffsetTilt="None" Name="LED Backwall 57" Mode="9.DMXModes.Default" FID="257" Patch="4.169" Layer="&apos;Matrix&apos;" Class="&apos;LED Tiles&apos;" PosX="0.600" PosY="2.900" PosZ="2.800" RotX="  90.00" GelColor="1.0000000000,1.0000000000,1.0000000000,1.0000000000" GridInvX="" GridInvY="" GridInvZ=""/>
        <Fixture Guid="0D 49 20 00 84 16 13 67 38 C3 07 08 8D B0 D6 13" OldSubfixtureIndex="95" OffsetPan="None" OffsetTilt="None" Name="LED Backwall 58" Mode="9.DMXModes.Default" FID="258" Patch="4.172" Layer="&apos;Matrix&apos;" Class="&apos;LED Tiles&apos;" PosX="1.000" PosY="2.900" PosZ="2.800" RotX="  90.00" GelColor="1.0000000000,1.0000000000,1.0000000000,1.0000000000" GridInvX="" GridInvY="" GridInvZ=""/>
        <Fixture Guid="0D 49 20 00 0A 03 0B 72 83 44 1F 03 8D B0 D6 13" OldSubfixtureIndex="96" OffsetPan="None" OffsetTilt="None" Name="LED Backwall 59" Mode="9.DMXModes.Default" FID="259" Patch="4.175" Layer="&apos;Matrix&apos;" Class="&apos;LED Tiles&apos;" PosX="1.400" PosY="2.900" PosZ="2.800" RotX="  90.00" GelColor="1.0000000000,1.0000000000,1.0000000000,1.0000000000" GridInvX="" GridInvY="" GridInvZ=""/>
        <Fixture Guid="0D 49 20 00 54 29 7B 5B CE BD 34 FE 8D B0 D6 13" OldSubfixtureIndex="97" OffsetPan="None" OffsetTilt="None" Name="LED Backwall 60" Mode="9.DMXModes.Default" FID="260" Patch="4.178" Layer="&apos;Matrix&apos;" Class="&apos;LED Tiles&apos;" PosX="1.800" PosY="2.900" PosZ="2.800" RotX="  90.00" GelColor="1.0000000000,1.0000000000,1.0000000000,1.0000000000" GridInvX="" GridInvY="" GridInvZ=""/>
        <Fixture Guid="0D 49 20 00 F1 C5 CB 1D 19 37 4C F9 8C B0 D6 13" OldSubfixtureIndex="98" OffsetPan="None" OffsetTilt="None" Name="LED Backwall 61" Mode="9.DMXModes.Default" FID="261" Patch="4.181" Layer="&apos;Matrix&apos;" Class="&apos;LED Tiles&apos;" PosX="-1.800" PosY="2.900" PosZ="2.400" RotX="  90.00" GelColor="1.0000000000,1.0000000000,1.0000000000,1.0000000000" GridInvX="" GridInvY="" GridInvZ=""/>
        <Fixture Guid="0D 49 20 00 D2 BE 59 52 64 A8 65 F4 8C B0 D6 13" OldSubfixtureIndex="99" OffsetPan="None" OffsetTilt="None" Name="LED Backwall 62" Mode="9.DMXModes.Default" FID="262" Patch="4.184" Layer="&apos;Matrix&apos;" Class="&apos;LED Tiles&apos;" PosX="-1.400" PosY="2.900" PosZ="2.400" RotX="  90.00" GelColor="1.0000000000,1.0000000000,1.0000000000,1.0000000000" GridInvX="" GridInvY="" GridInvZ=""/>
        <Fixture Guid="0D 49 20 00 2B 4D 45 20 AF 21 7D EF 8C B0 D6 13" OldSubfixtureIndex="100" OffsetPan="None" OffsetTilt="None" Name="LED Backwall 63" Mode="9.DMXModes.Default" FID="263" Patch="4.187" Layer="&apos;Matrix&apos;" Class="&apos;LED Tiles&apos;" PosX="-1.000" PosY="2.900" PosZ="2.400" RotX="  90.00" GelColor="1.0000000000,1.0000000000,1.0000000000,1.0000000000" GridInvX="" GridInvY="" GridInvZ=""/>
        <Fixture Guid="0D 49 20 00 15 02 A0 01 FA 9A 8A EA 8C B0 D6 13" OldSubfixtureIndex="101" OffsetPan="None" OffsetTilt="None" Name="LED Backwall 64" Mode="9.DMXModes.Default" FID="264" Patch="4.190" Layer="&apos;Matrix&apos;" Class="&apos;LED Tiles&apos;" PosX="-0.600" PosY="2.900" PosZ="2.400" RotX="  90.00" GelColor="1.0000000000,1.0000000000,1.0000000000,1.0000000000" GridInvX="" GridInvY="" GridInvZ=""/>
        <Fixture Guid="0D 49 20 00 D1 5F 9B 06 45 1C A2 E5 8C B0 D6 13" OldSubfixtureIndex="102" OffsetPan="None" OffsetTilt="None" Name="LED Backwall 65" Mode="9.DMXModes.Default" FID="265" Patch="4.193" Layer="&apos;Matrix&apos;" Class="&apos;LED Tiles&apos;" PosX="-0.200" PosY="2.900" PosZ="2.400" RotX="  90.00" GelColor="1.0000000000,1.0000000000,1.0000000000,1.0000000000" GridInvX="" GridInvY="" GridInvZ=""/>
        <Fixture Guid="0D 49 20 00 9C DB CF 3F 90 95 BB E0 8C B0 D6 13" OldSubfixtureIndex="103" OffsetPan="None" OffsetTilt="None" Name="LED Backwall 66" Mode="9.DMXModes.Default" FID="266" Patch="4.196" Layer="&apos;Matrix&apos;" Class="&apos;LED Tiles&apos;" PosX="0.200" PosY="2.900" PosZ="2.400" RotX="  90.00" GelColor="1.0000000000,1.0000000000,1.0000000000,1.0000000000" GridInvX="" GridInvY="" GridInvZ=""/>
        <Fixture Guid="0D 49 20 00 F4 5B D3 65 DB 0E D3 DB 8C B0 D6 13" OldSubfixtureIndex="104" OffsetPan="None" OffsetTilt="None" Name="LED Backwall 67" Mode="9.DMXModes.Default" FID="267" Patch="4.199" Layer="&apos;Matrix&apos;" Class="&apos;LED Tiles&apos;" PosX="0.600" PosY="2.900" PosZ="2.400" RotX="  90.00" GelColor="1.0000000000,1.0000000000,1.0000000000,1.0000000000" GridInvX="" GridInvY="" GridInvZ=""/>
        <Fixture Guid="0D 49 20 00 AF B6 89 7C 26 80 E8 D6 8C B0 D6 13" OldSubfixtureIndex="105" OffsetPan="None" OffsetTilt="None" Name="LED Backwall 68" Mode="9.DMXModes.Default" FID="268" Patch="4.202" Layer="&apos;Matrix&apos;" Class="&apos;LED Tiles&apos;" PosX="1.000" PosY="2.900" PosZ="2.400" RotX="  90.00" GelColor="1.0000000000,1.0000000000,1.0000000000,1.0000000000" GridInvX="" GridInvY="" GridInvZ=""/>
        <Fixture Guid="0D 49 20 00 3D 23 C6 1E 71 F9 01 D2 8C B0 D6 13" OldSubfixtureIndex="106" OffsetPan="None" OffsetTilt="None" Name="LED Backwall 69" Mode="9.DMXModes.Default" FID="269" Patch="4.205" Layer="&apos;Matrix&apos;" Class="&apos;LED Tiles&apos;" PosX="1.400" PosY="2.900" PosZ="2.400" RotX="  90.00" GelColor="1.0000000000,1.0000000000,1.0000000000,1.0000000000" GridInvX="" GridInvY="" GridInvZ=""/>
        <Fixture Guid="0D 49 20 00 D4 69 45 4E BC 72 19 CD 8C B0 D6 13" OldSubfixtureIndex="107" OffsetPan="None" OffsetTilt="None" Name="LED Backwall 70" Mode="9.DMXModes.Default" FID="270" Patch="4.208" Layer="&apos;Matrix&apos;" Class="&apos;LED Tiles&apos;" PosX="1.800" PosY="2.900" PosZ="2.400" RotX="  90.00" GelColor="1.0000000000,1.0000000000,1.0000000000,1.0000000000" GridInvX="" GridInvY="" GridInvZ=""/>
        <Fixture Guid="0D 49 20 00 37 33 11 66 07 F4 36 C8 8C B0 D6 13" OldSubfixtureIndex="108" OffsetPan="None" OffsetTilt="None" Name="LED Backwall 71" Mode="9.DMXModes.Default" FID="271" Patch="4.211" Layer="&apos;Matrix&apos;" Class="&apos;LED Tiles&apos;" PosX="-1.800" PosY="2.900" PosZ="2.000" RotX="  90.00" GelColor="1.0000000000,1.0000000000,1.0000000000,1.0000000000" GridInvX="" GridInvY="" GridInvZ=""/>
        <Fixture Guid="0D 49 20 00 F0 52 40 53 52 6D 4E C3 8C B0 D6 13" OldSubfixtureIndex="109" OffsetPan="None" OffsetTilt="None" Name="LED Backwall 72" Mode="9.DMXModes.Default" FID="272" Patch="4.214" Layer="&apos;Matrix&apos;" Class="&apos;LED Tiles&apos;" PosX="-1.400" PosY="2.900" PosZ="2.000" RotX="  90.00" GelColor="1.0000000000,1.0000000000,1.0000000000,1.0000000000" GridInvX="" GridInvY="" GridInvZ=""/>
        <Fixture Guid="0D 49 20 00 C8 2A 52 36 9D E6 67 BE 8C B0 D6 13" OldSubfixtureIndex="110" OffsetPan="None" OffsetTilt="None" Name="LED Backwall 73" Mode="9.DMXModes.Default" FID="273" Patch="4.217" Layer="&apos;Matrix&apos;" Class="&apos;LED Tiles&apos;" PosX="-1.000" PosY="2.900" PosZ="2.000" RotX="  90.00" GelColor="1.0000000000,1.0000000000,1.0000000000,1.0000000000" GridInvX="" GridInvY="" GridInvZ=""/>
        <Fixture Guid="0D 49 20 00 EF 3B BD 6C E8 5F 7F B9 8C B0 D6 13" OldSubfixtureIndex="111" OffsetPan="None" OffsetTilt="None" Name="LED Backwall 74" Mode="9.DMXModes.Default" FID="274" Patch="4.220" Layer="&apos;Matrix&apos;" Class="&apos;LED Tiles&apos;" PosX="-0.600" PosY="2.900" PosZ="2.000" RotX="  90.00" GelColor="1.0000000000,1.0000000000,1.0000000000,1.0000000000" GridInvX="" GridInvY="" GridInvZ=""/>
        <Fixture Guid="0D 49 20 00 8E 76 1B 61 33 D1 94 B4 8F B0 D6 13" OldSubfixtureIndex="112" OffsetPan="None" OffsetTilt="None" Name="LED Backwall 75" Mode="9.DMXModes.Default" FID="275" Patch="4.223" Layer="&apos;Matrix&apos;" Class="&apos;LED Tiles&apos;" PosX="-0.200" PosY="2.900" PosZ="2.000" RotX="  90.00" GelColor="1.0000000000,1.0000000000,1.0000000000,1.0000000000" GridInvX="" GridInvY="" GridInvZ=""/>
        <Fixture Guid="0D 49 20 00 C6 37 F0 66 7E 4A AC AF 8F B0 D6 13" OldSubfixtureIndex="113" OffsetPan="None" OffsetTilt="None" Name="LED Backwall 76" Mode="9.DMXModes.Default" FID="276" Patch="4.226" Layer="&apos;Matrix&apos;" Class="&apos;LED Tiles&apos;" PosX="0.200" PosY="2.900" PosZ="2.000" RotX="  90.00" GelColor="1.0000000000,1.0000000000,1.0000000000,1.0000000000" GridInvX="" GridInvY="" GridInvZ=""/>
        <Fixture Guid="0D 49 20 00 56 DA 26 48 C9 C3 C5 AA 8F B0 D6 13" OldSubfixtureIndex="114" OffsetPan="None" OffsetTilt="None" Name="LED Backwall 77" Mode="9.DMXModes.Default" FID="277" Patch="4.229" Layer="&apos;Matrix&apos;" Class="&apos;LED Tiles&apos;" PosX="0.600" PosY="2.900" PosZ="2.000" RotX="  90.00" GelColor="1.0000000000,1.0000000000,1.0000000000,1.0000000000" GridInvX="" GridInvY="" GridInvZ=""/>
        <Fixture Guid="0D 49 20 00 5B 46 C6 22 14 45 DD A5 8F B0 D6 13" OldSubfixtureIndex="115" OffsetPan="None" OffsetTilt="None" Name="LED Backwall 78" Mode="9.DMXModes.Default" FID="278" Patch="4.232" Layer="&apos;Matrix&apos;" Class="&apos;LED Tiles&apos;" PosX="1.000" PosY="2.900" PosZ="2.000" RotX="  90.00" GelColor="1.0000000000,1.0000000000,1.0000000000,1.0000000000" GridInvX="" GridInvY="" GridInvZ=""/>
        <Fixture Guid="0D 49 20 00 87 6C 9E 48 5F BE EA A0 8F B0 D6 13" OldSubfixtureIndex="116" OffsetPan="None" OffsetTilt="None" Name="LED Backwall 79" Mode="9.DMXModes.Default" FID="279" Patch="4.235" Layer="&apos;Matrix&apos;" Class="&apos;LED Tiles&apos;" PosX="1.400" PosY="2.900" PosZ="2.000" RotX="  90.00" GelColor="1.0000000000,1.0000000000,1.0000000000,1.0000000000" GridInvX="" GridInvY="" GridInvZ=""/>
        <Fixture Guid="0D 49 20 00 8B C3 D0 47 AA 37 02 9C 8F B0 D6 13" OldSubfixtureIndex="117" OffsetPan="None" OffsetTilt="None" Name="LED Backwall 80" Mode="9.DMXModes.Default" FID="280" Patch="4.238" Layer="&apos;Matrix&apos;" Class="&apos;LED Tiles&apos;" PosX="1.800" PosY="2.900" PosZ="2.000" RotX="  90.00" GelColor="1.0000000000,1.0000000000,1.0000000000,1.0000000000" GridInvX="" GridInvY="" GridInvZ=""/>
        <Fixture Guid="0D 49 20 00 29 70 4A 56 F5 A8 1B 97 8F B0 D6 13" OldSubfixtureIndex="118" OffsetPan="None" OffsetTilt="None" Name="LED Backwall 81" Mode="9.DMXModes.Default" FID="281" Patch="4.241" Layer="&apos;Matrix&apos;" Class="&apos;LED Tiles&apos;" PosX="-1.800" PosY="2.900" PosZ="1.600" RotX="  90.00" GelColor="1.0000000000,1.0000000000,1.0000000000,1.0000000000" GridInvX="" GridInvY="" GridInvZ=""/>
        <Fixture Guid="0D 49 20 00 1B 71 A5 78 40 22 33 92 8F B0 D6 13" OldSubfixtureIndex="119" OffsetPan="None" OffsetTilt="None" Name="LED Backwall 82" Mode="9.DMXModes.Default" FID="282" Patch="4.244" Layer="&apos;Matrix&apos;" Class="&apos;LED Tiles&apos;" PosX="-1.400" PosY="2.900" PosZ="1.600" RotX="  90.00" GelColor="1.0000000000,1.0000000000,1.0000000000,1.0000000000" GridInvX="" GridInvY="" GridInvZ=""/>
        <Fixture Guid="0D 49 20 00 61 53 5F 69 8B 9B 48 8D 8F B0 D6 13" OldSubfixtureIndex="120" OffsetPan="None" OffsetTilt="None" Name="LED Backwall 83" Mode="9.DMXModes.Default" FID="283" Patch="4.247" Layer="&apos;Matrix&apos;" Class="&apos;LED Tiles&apos;" PosX="-1.000" PosY="2.900" PosZ="1.600" RotX="  90.00" GelColor="1.0000000000,1.0000000000,1.0000000000,1.0000000000" GridInvX="" GridInvY="" GridInvZ=""/>
        <Fixture Guid="0D 49 20 00 33 53 36 3F D6 1C 60 88 8F B0 D6 13" OldSubfixtureIndex="121" OffsetPan="None" OffsetTilt="None" Name="LED Backwall 84" Mode="9.DMXModes.Default" FID="284" Patch="4.250" Layer="&apos;Matrix&apos;" Class="&apos;LED Tiles&apos;" PosX="-0.600" PosY="2.900" PosZ="1.600" RotX="  90.00" GelColor="1.0000000000,1.0000000000,1.0000000000,1.0000000000" GridInvX="" GridInvY="" GridInvZ=""/>
        <Fixture Guid="0D 49 20 00 7E 85 37 4E 21 96 79 83 8F B0 D6 13" OldSubfixtureIndex="122" OffsetPan="None" OffsetTilt="None" Name="LED Backwall 85" Mode="9.DMXModes.Default" FID="285" Patch="4.253" Layer="&apos;Matrix&apos;" Class="&apos;LED Tiles&apos;" PosX="-0.200" PosY="2.900" PosZ="1.600" RotX="  90.00" GelColor="1.0000000000,1.0000000000,1.0000000000,1.0000000000" GridInvX="" GridInvY="" GridInvZ=""/>
        <Fixture Guid="0D 49 20 00 F0 06 7B 3A 6C 0F 91 7E 8C B0 D6 13" OldSubfixtureIndex="123" OffsetPan="None" OffsetTilt="None" Name="LED Backwall 86" Mode="9.DMXModes.Default" FID="286" Patch="4.256" Layer="&apos;Matrix&apos;" Class="&apos;LED Tiles&apos;" PosX="0.200" PosY="2.900" PosZ="1.600" RotX="  90.00" GelColor="1.0000000000,1.0000000000,1.0000000000,1.0000000000" GridInvX="" GridInvY="" GridInvZ=""/>
        <Fixture Guid="0D 49 20 00 E4 5A 08 4C B7 80 AE 79 8C B0 D6 13" OldSubfixtureIndex="124" OffsetPan="None" OffsetTilt="None" Name="LED Backwall 87" Mode="9.DMXModes.Default" FID="287" Patch="4.259" Layer="&apos;Matrix&apos;" Class="&apos;LED Tiles&apos;" PosX="0.600" PosY="2.900" PosZ="1.600" RotX="  90.00" GelColor="1.0000000000,1.0000000000,1.0000000000,1.0000000000" GridInvX="" GridInvY="" GridInvZ=""/>
        <Fixture Guid="0D 49 20 00 EA 1D A8 23 02 FA C7 74 8D B0 D6 13" OldSubfixtureIndex="125" OffsetPan="None" OffsetTilt="None" Name="LED Backwall 88" Mode="9.DMXModes.Default" FID="288" Patch="4.262" Layer="&apos;Matrix&apos;" Class="&apos;LED Tiles&apos;" PosX="1.000" PosY="2.900" PosZ="1.600" RotX="  90.00" GelColor="1.0000000000,1.0000000000,1.0000000000,1.0000000000" GridInvX="" GridInvY="" GridInvZ=""/>
        <Fixture Guid="0D 49 20 00 D4 11 7F 1B 4D 73 DF 6F 8D B0 D6 13" OldSubfixtureIndex="126" OffsetPan="None" OffsetTilt="None" Name="LED Backwall 89" Mode="9.DMXModes.Default" FID="289" Patch="4.265" Layer="&apos;Matrix&apos;" Class="&apos;LED Tiles&apos;" PosX="1.400" PosY="2.900" PosZ="1.600" RotX="  90.00" GelColor="1.0000000000,1.0000000000,1.0000000000,1.0000000000" GridInvX="" GridInvY="" GridInvZ=""/>
        <Fixture Guid="0D 49 20 00 4E 62 24 38 98 F4 F4 6A 8D B0 D6 13" OldSubfixtureIndex="127" OffsetPan="None" OffsetTilt="None" Name="LED Backwall 90" Mode="9.DMXModes.Default" FID="290" Patch="4.268" Layer="&apos;Matrix&apos;" Class="&apos;LED Tiles&apos;" PosX="1.800" PosY="2.900" PosZ="1.600" RotX="  90.00" GelColor="1.0000000000,1.0000000000,1.0000000000,1.0000000000" GridInvX="" GridInvY="" GridInvZ=""/>
        <Fixture Guid="0D 49 20 00 9E 42 34 05 E3 6D 0C 66 8D B0 D6 13" OldSubfixtureIndex="128" OffsetPan="None" OffsetTilt="None" Name="LED Backwall 91" Mode="9.DMXModes.Default" FID="291" Patch="4.271" Layer="&apos;Matrix&apos;" Class="&apos;LED Tiles&apos;" PosX="-1.800" PosY="2.900" PosZ="1.200" RotX="  90.00" GelColor="1.0000000000,1.0000000000,1.0000000000,1.0000000000" GridInvX="" GridInvY="" GridInvZ=""/>
        <Fixture Guid="0D 49 20 00 66 D3 5B 3F 2E E7 25 61 8D B0 D6 13" OldSubfixtureIndex="129" OffsetPan="None" OffsetTilt="None" Name="LED Backwall 92" Mode="9.DMXModes.Default" FID="292" Patch="4.274" Layer="&apos;Matrix&apos;" Class="&apos;LED Tiles&apos;" PosX="-1.400" PosY="2.900" PosZ="1.200" RotX="  90.00" GelColor="1.0000000000,1.0000000000,1.0000000000,1.0000000000" GridInvX="" GridInvY="" GridInvZ=""/>
        <Fixture Guid="0D 49 20 00 C0 24 6D 14 79 58 3D 5C 8D B0 D6 13" OldSubfixtureIndex="130" OffsetPan="None" OffsetTilt="None" Name="LED Backwall 93" Mode="9.DMXModes.Default" FID="293" Patch="4.277" Layer="&apos;Matrix&apos;" Class="&apos;LED Tiles&apos;" PosX="-1.000" PosY="2.900" PosZ="1.200" RotX="  90.00" GelColor="1.0000000000,1.0000000000,1.0000000000,1.0000000000" GridInvX="" GridInvY="" GridInvZ=""/>
        <Fixture Guid="0D 49 20 00 69 94 6A 2F C4 D1 4A 57 8D B0 D6 13" OldSubfixtureIndex="131" OffsetPan="None" OffsetTilt="None" Name="LED Backwall 94" Mode="9.DMXModes.Default" FID="294" Patch="4.280" Layer="&apos;Matrix&apos;" Class="&apos;LED Tiles&apos;" PosX="-0.600" PosY="2.900" PosZ="1.200" RotX="  90.00" GelColor="1.0000000000,1.0000000000,1.0000000000,1.0000000000" GridInvX="" GridInvY="" GridInvZ=""/>
        <Fixture Guid="0D 49 20 00 DB D9 EC 46 0F 4B 62 52 8D B0 D6 13" OldSubfixtureIndex="132" OffsetPan="None" OffsetTilt="None" Name="LED Backwall 95" Mode="9.DMXModes.Default" FID="295" Patch="4.283" Layer="&apos;Matrix&apos;" Class="&apos;LED Tiles&apos;" PosX="-0.200" PosY="2.900" PosZ="1.200" RotX="  90.00" GelColor="1.0000000000,1.0000000000,1.0000000000,1.0000000000" GridInvX="" GridInvY="" GridInvZ=""/>
        <Fixture Guid="0D 49 20 00 72 78 19 15 5A CC 7B 4D 8D B0 D6 13" OldSubfixtureIndex="133" OffsetPan="None" OffsetTilt="None" Name="LED Backwall 96" Mode="9.DMXModes.Default" FID="296" Patch="4.286" Layer="&apos;Matrix&apos;" Class="&apos;LED Tiles&apos;" PosX="0.200" PosY="2.900" PosZ="1.200" RotX="  90.00" GelColor="1.0000000000,1.0000000000,1.0000000000,1.0000000000" GridInvX="" GridInvY="" GridInvZ=""/>
        <Fixture Guid="0D 49 20 00 A5 6B 49 65 A5 45 93 48 8D B0 D6 13" OldSubfixtureIndex="134" OffsetPan="None" OffsetTilt="None" Name="LED Backwall 97" Mode="9.DMXModes.Default" FID="297" Patch="4.289" Layer="&apos;Matrix&apos;" Class="&apos;LED Tiles&apos;" PosX="0.600" PosY="2.900" PosZ="1.200" RotX="  90.00" GelColor="1.0000000000,1.0000000000,1.0000000000,1.0000000000" GridInvX="" GridInvY="" GridInvZ=""/>
        <Fixture Guid="0D 49 20 00 6F 39 AF 22 F0 BE A8 43 8D B0 D6 13" OldSubfixtureIndex="135" OffsetPan="None" OffsetTilt="None" Name="LED Backwall 98" Mode="9.DMXModes.Default" FID="298" Patch="4.292" Layer="&apos;Matrix&apos;" Class="&apos;LED Tiles&apos;" PosX="1.000" PosY="2.900" PosZ="1.200" RotX="  90.00" GelColor="1.0000000000,1.0000000000,1.0000000000,1.0000000000" GridInvX="" GridInvY="" GridInvZ=""/>
        <Fixture Guid="0D 49 20 00 41 2B B2 0B 3B 30 C0 3E 8D B0 D6 13" OldSubfixtureIndex="136" OffsetPan="None" OffsetTilt="None" Name="LED Backwall 99" Mode="9.DMXModes.Default" FID="299" Patch="4.295" Layer="&apos;Matrix&apos;" Class="&apos;LED Tiles&apos;" PosX="1.400" PosY="2.900" PosZ="1.200" RotX="  90.00" GelColor="1.0000000000,1.0000000000,1.0000000000,1.0000000000" GridInvX="" GridInvY="" GridInvZ=""/>
        <Fixture Guid="0D 49 20 00 03 93 20 7A 86 A9 D9 39 8D B0 D6 13" OldSubfixtureIndex="137" OffsetPan="None" OffsetTilt="None" Name="LED Backwall 100" Mode="9.DMXModes.Default" FID="300" Patch="4.298" Layer="&apos;Matrix&apos;" Class="&apos;LED Tiles&apos;" PosX="1.800" PosY="2.900" PosZ="1.200" RotX="  90.00" GelColor="1.0000000000,1.0000000000,1.0000000000,1.0000000000" GridInvX="" GridInvY="" GridInvZ=""/>
    </Fixture>
    <Fixture Guid="0D 49 20 00 19 89 C4 7C C3 E9 3E 3D 90 B0 D6 13" OldSubfixtureIndex="36" OffsetPan="None" OffsetTilt="None" Name="LED Par 47" Mode="10.DMXModes.5ch" FID="47" Patch="3.031" Layer="&apos;Backtruss&apos;" Class="&apos;LED PAR&apos;" PosX="2.800" PosY="2.500" PosZ="5.800" RotX=" -26.00" GelColor="1.0000000000,1.0000000000,1.0000000000,1.0000000000" CastShadow="Yes" GridInvX="" GridInvY="" GridInvZ=""/>
    <Fixture Guid="0D 49 20 00 89 77 CD 6C 78 70 21 42 90 B0 D6 13" OldSubfixtureIndex="35" OffsetPan="None" OffsetTilt="None" Name="LED Par 46" Mode="10.DMXModes.5ch" FID="46" Patch="3.026" Layer="&apos;Backtruss&apos;" Class="&apos;LED PAR&apos;" PosX="1.867" PosY="2.500" PosZ="5.800" RotX=" -26.00" GelColor="1.0000000000,1.0000000000,1.0000000000,1.0000000000" CastShadow="Yes" GridInvX="" GridInvY="" GridInvZ=""/>
    <Fixture Guid="0D 49 20 00 38 72 97 63 2D FF 09 47 90 B0 D6 13" OldSubfixtureIndex="34" OffsetPan="None" OffsetTilt="None" Name="LED Par 45" Mode="10.DMXModes.5ch" FID="45" Patch="3.021" Layer="&apos;Backtruss&apos;" Class="&apos;LED PAR&apos;" PosX="0.933" PosY="2.500" PosZ="5.800" RotX=" -26.00" GelColor="1.0000000000,1.0000000000,1.0000000000,1.0000000000" CastShadow="Yes" GridInvX="" GridInvY="" GridInvZ=""/>
    <Fixture Guid="0D 49 20 00 1D 2C C1 50 E2 85 F0 4B 90 B0 D6 13" OldSubfixtureIndex="33" OffsetPan="None" OffsetTilt="None" Name="LED Par 44" Mode="10.DMXModes.5ch" FID="44" Patch="3.016" Layer="&apos;Backtruss&apos;" Class="&apos;LED PAR&apos;" PosY="2.500" PosZ="5.800" RotX=" -26.00" GelColor="1.0000000000,1.0000000000,1.0000000000,1.0000000000" CastShadow="Yes" GridInvX="" GridInvY="" GridInvZ=""/>
    <Fixture Guid="0D 49 20 00 1C 49 9F 49 97 0C DB 50 90 B0 D6 13" OldSubfixtureIndex="32" OffsetPan="None" OffsetTilt="None" Name="LED Par 43" Mode="10.DMXModes.5ch" FID="43" Patch="3.011" Layer="&apos;Backtruss&apos;" Class="&apos;LED PAR&apos;" PosX="-0.933" PosY="2.500" PosZ="5.800" RotX=" -26.00" GelColor="1.0000000000,1.0000000000,1.0000000000,1.0000000000" CastShadow="Yes" GridInvX="" GridInvY="" GridInvZ=""/>
    <Fixture Guid="0D 49 20 00 74 5E 13 2C 4C 8B C3 55 90 B0 D6 13" OldSubfixtureIndex="31" OffsetPan="None" OffsetTilt="None" Name="LED Par 42" Mode="10.DMXModes.5ch" FID="42" Patch="3.006" Layer="&apos;Backtruss&apos;" Class="&apos;LED PAR&apos;" PosX="-1.867" PosY="2.500" PosZ="5.800" RotX=" -26.00" GelColor="1.0000000000,1.0000000000,1.0000000000,1.0000000000" CastShadow="Yes" GridInvX="" GridInvY="" GridInvZ=""/>
    <Fixture Guid="0D 49 20 00 B0 A2 79 03 01 12 AA 5A 90 B0 D6 13" OldSubfixtureIndex="30" OffsetPan="None" OffsetTilt="None" Name="LED Par 41" Mode="10.DMXModes.5ch" FID="41" Patch="3.001" Layer="&apos;Backtruss&apos;" Class="&apos;LED PAR&apos;" PosX="-2.800" PosY="2.500" PosZ="5.800" RotX=" -26.00" GelColor="1.0000000000,1.0000000000,1.0000000000,1.0000000000" CastShadow="Yes" GridInvX="" GridInvY="" GridInvZ=""/>
    <Fixture Guid="0D 49 20 00 71 B4 B8 47 B6 98 92 5F 90 B0 D6 13" OldSubfixtureIndex="29" OffsetPan="None" OffsetTilt="None" Name="Wash 36" Mode="8.DMXModes.Standard (14 ch)" FID="38" Patch="2.211" Layer="&apos;Sidetruss&apos;" Class="&apos;Wash&apos;" PosX="3.300" PosY="-2.700" PosZ="5.800" RotZ="  90.00" GelColor="1.0000000000,1.0000000000,1.0000000000,1.0000000000" CastShadow="Yes" GridInvX="" GridInvY="" GridInvZ=""/>
    <Fixture Guid="0D 49 20 00 3D B1 35 31 6B 27 85 64 90 B0 D6 13" OldSubfixtureIndex="28" OffsetPan="None" OffsetTilt="None" Name="Wash 35" Mode="8.DMXModes.Standard (14 ch)" FID="37" Patch="2.197" Layer="&apos;Sidetruss&apos;" Class="&apos;Wash&apos;" PosX="3.300" PosY="-1.233" PosZ="5.800" RotZ="  90.00" GelColor="1.0000000000,1.0000000000,1.0000000000,1.0000000000" CastShadow="Yes" GridInvX="" GridInvY="" GridInvZ=""/>
    <Fixture Guid="0D 49 20 00 17 E8 4F 72 20 AE 6D 69 97 B0 D6 13" OldSubfixtureIndex="27" OffsetPan="None" OffsetTilt="None" Name="Wash 34" Mode="8.DMXModes.Standard (14 ch)" FID="36" Patch="2.183" Layer="&apos;Sidetruss&apos;" Class="&apos;Wash&apos;" PosX="3.300" PosY="0.233" PosZ="5.800" RotZ="  90.00" GelColor="1.0000000000,1.0000000000,1.0000000000,1.0000000000" CastShadow="Yes" GridInvX="" GridInvY="" GridInvZ=""/>
    <Fixture Guid="0D 49 20 00 64 C2 DF 50 D5 34 54 6E 97 B0 D6 13" OldSubfixtureIndex="26" OffsetPan="None" OffsetTilt="None" Name="Wash 33" Mode="8.DMXModes.Standard (14 ch)" FID="35" Patch="2.169" Layer="&apos;Sidetruss&apos;" Class="&apos;Wash&apos;" PosX="3.300" PosY="1.700" PosZ="5.800" RotZ="  90.00" GelColor="1.0000000000,1.0000000000,1.0000000000,1.0000000000" CastShadow="Yes" GridInvX="" GridInvY="" GridInvZ=""/>
    <Fixture Guid="0D 49 20 00 1F 16 88 35 8A B3 3C 73 97 B0 D6 13" OldSubfixtureIndex="25" OffsetPan="None" OffsetTilt="None" Name="Wash 32" Mode="8.DMXModes.Standard (14 ch)" FID="34" Patch="2.155" Layer="&apos;Sidetruss&apos;" Class="&apos;Wash&apos;" PosX="-3.300" PosY="1.700" PosZ="5.800" RotZ=" -90.00" GelColor="1.0000000000,1.0000000000,1.0000000000,1.0000000000" CastShadow="Yes" GridInvX="" GridInvY="" GridInvZ=""/>
    <Fixture Guid="0D 49 20 00 98 94 45 43 3F 3A 27 78 97 B0 D6 13" OldSubfixtureIndex="24" OffsetPan="None" OffsetTilt="None" Name="Wash 31" Mode="8.DMXModes.Standard (14 ch)" FID="33" Patch="2.141" Layer="&apos;Sidetruss&apos;" Class="&apos;Wash&apos;" PosX="-3.300" PosY="0.233" PosZ="5.800" RotZ=" -90.00" GelColor="1.0000000000,1.0000000000,1.0000000000,1.0000000000" CastShadow="Yes" GridInvX="" GridInvY="" GridInvZ=""/>
    <Fixture Guid="0D 49 20 00 79 01 AE 71 F4 C0 0F 7D 97 B0 D6 13" OldSubfixtureIndex="23" OffsetPan="None" OffsetTilt="None" Name="Wash 30" Mode="8.DMXModes.Standard (14 ch)" FID="32" Patch="2.127" Layer="&apos;Sidetruss&apos;" Class="&apos;Wash&apos;" PosX="-3.300" PosY="-1.233" PosZ="5.800" RotZ=" -90.00" GelColor="1.0000000000,1.0000000000,1.0000000000,1.0000000000" CastShadow="Yes" GridInvX="" GridInvY="" GridInvZ=""/>
    <Fixture Guid="0D 49 20 00 E7 52 F8 3F A9 4F F6 81 90 B0 D6 13" OldSubfixtureIndex="22" OffsetPan="None" OffsetTilt="None" Name="Wash 29" Mode="8.DMXModes.Standard (14 ch)" FID="31" Patch="2.113" Layer="&apos;Sidetruss&apos;" Class="&apos;Wash&apos;" PosX="-3.300" PosY="-2.700" PosZ="5.800" RotZ=" -90.00" GelColor="1.0000000000,1.0000000000,1.0000000000,1.0000000000" CastShadow="Yes" GridInvX="" GridInvY="" GridInvZ=""/>
    <Fixture Guid="0D 49 20 00 F1 FA CC 7C 5E D6 DE 86 90 B0 D6 13" OldSubfixtureIndex="21" OffsetPan="None" OffsetTilt="None" Name="Wash 28" Mode="8.DMXModes.Standard (14 ch)" FID="28" Patch="2.099" Layer="&apos;Floor&apos;" Class="&apos;Wash&apos;" PosX="2.800" PosY="1.800" PosZ="0.800" RotX="-180.00" GelColor="1.0000000000,1.0000000000,1.0000000000,1.0000000000" CastShadow="Yes" GridInvX="" GridInvY="" GridInvZ=""/>
    <Fixture Guid="0D 49 20 00 01 32 03 14 13 5D C1 8B 90 B0 D6 13" OldSubfixtureIndex="20" OffsetPan="None" OffsetTilt="None" Name="Wash 27" Mode="8.DMXModes.Standard (14 ch)" FID="27" Patch="2.085" Layer="&apos;Floor&apos;" Class="&apos;Wash&apos;" PosX="2.000" PosY="1.800" PosZ="0.800" RotX="-180.00" GelColor="1.0000000000,1.0000000000,1.0000000000,1.0000000000" CastShadow="Yes" GridInvX="" GridInvY="" GridInvZ=""/>
    <Fixture Guid="0D 49 20 00 EB 72 9F 1B C8 DB A9 90 90 B0 D6 13" OldSubfixtureIndex="19" OffsetPan="None" OffsetTilt="None" Name="Wash 26" Mode="8.DMXModes.Standard (14 ch)" FID="26" Patch="2.071" Layer="&apos;Floor&apos;" Class="&apos;Wash&apos;" PosX="1.200" PosY="1.800" PosZ="0.800" RotX="-180.00" GelColor="1.0000000000,1.0000000000,1.0000000000,1.0000000000" CastShadow="Yes" GridInvX="" GridInvY="" GridInvZ=""/>
    <Fixture Guid="0D 49 20 00 E7 9B 52 1E 7D 62 90 95 90 B0 D6 13" OldSubfixtureIndex="18" OffsetPan="None" OffsetTilt="None" Name="Wash 25" Mode="8.DMXModes.Standard (14 ch)" FID="25" Patch="2.057" Layer="&apos;Floor&apos;" Class="&apos;Wash&apos;" PosX="0.400" PosY="1.800" PosZ="0.800" RotX="-180.00" GelColor="1.0000000000,1.0000000000,1.0000000000,1.0000000000" CastShadow="Yes" GridInvX="" GridInvY="" GridInvZ=""/>
    <Fixture Guid="0D 49 20 00 36 33 DE 06 32 E9 78 9A 90 B0 D6 13" OldSubfixtureIndex="17" OffsetPan="None" OffsetTilt="None" Name="Wash 24" Mode="8.DMXModes.Standard (14 ch)" FID="24" Patch="2.043" Layer="&apos;Floor&apos;" Class="&apos;Wash&apos;" PosX="-0.400" PosY="1.800" PosZ="0.800" RotX="-180.00" GelColor="1.0000000000,1.0000000000,1.0000000000,1.0000000000" CastShadow="Yes" GridInvX="" GridInvY="" GridInvZ=""/>
    <Fixture Guid="0D 49 20 00 C6 CC A6 07 E7 77 63 9F 90 B0 D6 13" OldSubfixtureIndex="16" OffsetPan="None" OffsetTilt="None" Name="Wash 23" Mode="8.DMXModes.Standard (14 ch)" FID="23" Patch="2.029" Layer="&apos;Floor&apos;" Class="&apos;Wash&apos;" PosX="-1.200" PosY="1.800" PosZ="0.800" RotX="-180.00" GelColor="1.0000000000,1.0000000000,1.0000000000,1.0000000000" CastShadow="Yes" GridInvX="" GridInvY="" GridInvZ=""/>
    <Fixture Guid="0D 49 20 00 A4 7A 2E 39 9C FE 4B A4 90 B0 D6 13" OldSubfixtureIndex="15" OffsetPan="None" OffsetTilt="None" Name="Wash 22" Mode="8.DMXModes.Standard (14 ch)" FID="22" Patch="2.015" Layer="&apos;Floor&apos;" Class="&apos;Wash&apos;" PosX="-2.000" PosY="1.800" PosZ="0.800" RotX="-180.00" GelColor="1.0000000000,1.0000000000,1.0000000000,1.0000000000" CastShadow="Yes" GridInvX="" GridInvY="" GridInvZ=""/>
    <Fixture Guid="0D 49 20 00 AC F5 80 07 51 85 32 A9 91 B0 D6 13" OldSubfixtureIndex="14" OffsetPan="None" OffsetTilt="None" Name="Wash 21" Mode="8.DMXModes.Standard (14 ch)" FID="21" Patch="2.001" Layer="&apos;Floor&apos;" Class="&apos;Wash&apos;" PosX="-2.800" PosY="1.800" PosZ="0.800" RotX="-180.00" GelColor="1.0000000000,1.0000000000,1.0000000000,1.0000000000" CastShadow="Yes" GridInvX="" GridInvY="" GridInvZ=""/>
    <Fixture Guid="0D 49 20 00 CA 3E 01 49 06 0C 25 AE 91 B0 D6 13" OldSubfixtureIndex="13" OffsetPan="None" OffsetTilt="None" Name="Spot 13" Mode="13.DMXModes.Basic" FID="13" Patch="1.457" Layer="&apos;Midtruss&apos;" Class="&apos;Spots&apos;" PosX="1.900" PosY="1.000" PosZ="6.100" GelColor="1.0000000000,1.0000000000,1.0000000000,1.0000000000" CastShadow="Yes" GridInvX="" GridInvY="" GridInvZ=""/>
    <Fixture Guid="0D 49 20 00 3D 4A 1E 0C BB 8A 0D B3 91 B0 D6 13" OldSubfixtureIndex="12" OffsetPan="None" OffsetTilt="None" Name="Spot 12" Mode="13.DMXModes.Basic" FID="12" Patch="1.419" Layer="&apos;Midtruss&apos;" Class="&apos;Spots&apos;" PosX="0.950" PosY="1.000" PosZ="6.100" GelColor="1.0000000000,1.0000000000,1.0000000000,1.0000000000" CastShadow="Yes" GridInvX="" GridInvY="" GridInvZ=""/>
    <Fixture Guid="0D 49 20 00 6E 84 44 5B 70 11 F4 B7 91 B0 D6 13" OldSubfixtureIndex="11" OffsetPan="None" OffsetTilt="None" Name="Spot 11" Mode="13.DMXModes.Basic" FID="11" Patch="1.381" Layer="&apos;Midtruss&apos;" Class="&apos;Spots&apos;" PosY="1.000" PosZ="6.100" GelColor="1.0000000000,1.0000000000,1.0000000000,1.0000000000" CastShadow="Yes" GridInvX="" GridInvY="" GridInvZ=""/>
    <Fixture Guid="0D 49 20 00 D9 D3 EF 47 25 98 DC BC 91 B0 D6 13" OldSubfixtureIndex="10" OffsetPan="None" OffsetTilt="None" Name="Spot 10" Mode="13.DMXModes.Basic" FID="10" Patch="1.343" Layer="&apos;Midtruss&apos;" Class="&apos;Spots&apos;" PosX="-0.950" PosY="1.000" PosZ="6.100" GelColor="1.0000000000,1.0000000000,1.0000000000,1.0000000000" CastShadow="Yes" GridInvX="" GridInvY="" GridInvZ=""/>
    <Fixture Guid="0D 49 20 00 5E F8 85 34 DA 26 C7 C1 91 B0 D6 13" OldSubfixtureIndex="9" OffsetPan="None" OffsetTilt="None" Name="Spot 9" Mode="13.DMXModes.Basic" FID="9" Patch="1.305" Layer="&apos;Midtruss&apos;" Class="&apos;Spots&apos;" PosX="-1.900" PosY="1.000" PosZ="6.100" GelColor="1.0000000000,1.0000000000,1.0000000000,1.0000000000" CastShadow="Yes" GridInvX="" GridInvY="" GridInvZ=""/>
    <Fixture Guid="0D 49 20 00 26 7E F6 76 8F AD AF C6 91 B0 D6 13" OldSubfixtureIndex="8" OffsetPan="None" OffsetTilt="None" Name="Spot 8" Mode="13.DMXModes.Basic" FID="8" Patch="1.267" Layer="&apos;Backtruss&apos;" Class="&apos;Spots&apos;" PosX="3.300" PosY="2.800" PosZ="5.900" GelColor="1.0000000000,1.0000000000,1.0000000000,1.0000000000" CastShadow="Yes" GridInvX="" GridInvY="" GridInvZ=""/>
    <Fixture Guid="0D 49 20 00 8B 63 36 56 44 34 96 CB 91 B0 D6 13" OldSubfixtureIndex="7" OffsetPan="None" OffsetTilt="None" Name="Spot 7" Mode="13.DMXModes.Basic" FID="7" Patch="1.229" Layer="&apos;Backtruss&apos;" Class="&apos;Spots&apos;" PosX="2.357" PosY="2.800" PosZ="5.900" GelColor="1.0000000000,1.0000000000,1.0000000000,1.0000000000" CastShadow="Yes" GridInvX="" GridInvY="" GridInvZ=""/>
    <Fixture Guid="0D 49 20 00 A3 D0 C3 08 F9 B2 7E D0 91 B0 D6 13" OldSubfixtureIndex="6" OffsetPan="None" OffsetTilt="None" Name="Spot 6" Mode="13.DMXModes.Basic" FID="6" Patch="1.191" Layer="&apos;Backtruss&apos;" Class="&apos;Spots&apos;" PosX="1.414" PosY="2.800" PosZ="5.900" GelColor="1.0000000000,1.0000000000,1.0000000000,1.0000000000" CastShadow="Yes" GridInvX="" GridInvY="" GridInvZ=""/>
    <Fixture Guid="0D 49 20 00 5C 61 12 22 AE 39 61 D5 91 B0 D6 13" OldSubfixtureIndex="5" OffsetPan="None" OffsetTilt="None" Name="Spot 5" Mode="13.DMXModes.Basic" FID="5" Patch="1.153" Layer="&apos;Backtruss&apos;" Class="&apos;Spots&apos;" PosX="0.471" PosY="2.800" PosZ="5.900" GelColor="1.0000000000,1.0000000000,1.0000000000,1.0000000000" CastShadow="Yes" GridInvX="" GridInvY="" GridInvZ=""/>
    <Fixture Guid="0D 49 20 00 CC 22 5D 1D 63 C0 49 DA 91 B0 D6 13" OldSubfixtureIndex="4" OffsetPan="None" OffsetTilt="None" Name="Spot 4" Mode="13.DMXModes.Basic" FID="4" Patch="1.115" Layer="&apos;Backtruss&apos;" Class="&apos;Spots&apos;" PosX="-0.471" PosY="2.800" PosZ="5.900" GelColor="1.0000000000,1.0000000000,1.0000000000,1.0000000000" CastShadow="Yes" GridInvX="" GridInvY="" GridInvZ=""/>
    <Fixture Guid="0D 49 20 00 63 18 93 3D 18 4F 30 DF 91 B0 D6 13" OldSubfixtureIndex="3" OffsetPan="None" OffsetTilt="None" Name="Spot 3" Mode="13.DMXModes.Basic" FID="3" Patch="1.077" Layer="&apos;Backtruss&apos;" Class="&apos;Spots&apos;" PosX="-1.414" PosY="2.800" PosZ="5.900" GelColor="1.0000000000,1.0000000000,1.0000000000,1.0000000000" CastShadow="Yes" GridInvX="" GridInvY="" GridInvZ=""/>
    <Fixture Guid="0D 49 20 00 0D 85 78 57 CD D5 18 E4 91 B0 D6 13" OldSubfixtureIndex="2" OffsetPan="None" OffsetTilt="None" Name="Spot 2" Mode="13.DMXModes.Basic" FID="2" Patch="1.039" Layer="&apos;Backtruss&apos;" Class="&apos;Spots&apos;" PosX="-2.357" PosY="2.800" PosZ="5.900" GelColor="1.0000000000,1.0000000000,1.0000000000,1.0000000000" CastShadow="Yes" GridInvX="" GridInvY="" GridInvZ=""/>
    <Fixture Guid="0D 49 20 00 4B 99 F7 0B 82 5C 03 E9 91 B0 D6 13" OldSubfixtureIndex="1" OffsetPan="None" OffsetTilt="None" Name="Spot 1" Mode="13.DMXModes.Basic" FID="1" Patch="1.001" Layer="&apos;Backtruss&apos;" Class="&apos;Spots&apos;" PosX="-3.300" PosY="2.800" PosZ="5.900" GelColor="1.0000000000,1.0000000000,1.0000000000,1.0000000000" CastShadow="Yes" GridInvX="" GridInvY="" GridInvZ=""/>
</GMA3>
